,Source,Target,Weight,source_ct,target_ct
5,ASIL,AWAR,2.0,sensory,sensory
6,ASIL,ASGL,3.0,sensory,sensory
11,ASIL,ASER,8.0,sensory,sensory
12,ASIL,ADFL,1.0,sensory,sensory
16,ASIL,AWCL,3.0,sensory,sensory
17,ASIL,AWCR,4.0,sensory,sensory
18,ASIL,ASKL,3.0,sensory,sensory
66,ASIL,CEPVR,1.0,sensory,sensory
91,ASIL,AIYL,3.0,sensory,interneuron
92,ASIL,AIYR,2.0,sensory,interneuron
93,ASIL,AIAL,2.0,sensory,interneuron
97,ASIL,AIZL,1.0,sensory,interneuron
122,ASIL,RIBL,1.0,sensory,interneuron
128,ASIL,AIBL,3.0,sensory,interneuron
134,ASIL,SAAVL,2.0,sensory,interneuron
147,ASIL,RIAL,3.0,sensory,interneuron
153,ASIL,RMFL,1.0,sensory,interneuron
285,ASIR,AWAR,1.0,sensory,sensory
287,ASIR,ASGR,3.0,sensory,sensory
290,ASIR,ASEL,2.0,sensory,sensory
291,ASIR,ASER,2.0,sensory,sensory
296,ASIR,AWCL,2.0,sensory,sensory
297,ASIR,AWCR,5.0,sensory,sensory
301,ASIR,ASHR,2.0,sensory,sensory
303,ASIR,ADLR,1.0,sensory,sensory
346,ASIR,CEPVR,1.0,sensory,sensory
373,ASIR,AIAL,1.0,sensory,interneuron
374,ASIR,AIAR,4.0,sensory,interneuron
409,ASIR,AIBR,3.0,sensory,interneuron
578,ASJL,ASKL,12.0,sensory,sensory
579,ASJL,ASKR,1.0,sensory,sensory
623,ASJL,CEPDL,1.0,sensory,sensory
660,ASJL,ALA,3.0,sensory,interneuron
661,ASJL,PVQL,34.0,sensory,interneuron
832,ASJL,HSNL,1.0,sensory,motorneuron
833,ASJL,HSNR,1.0,sensory,motorneuron
859,ASJR,ASKR,12.0,sensory,sensory
942,ASJR,PVQR,19.0,sensory,interneuron
1113,ASJR,HSNR,1.0,sensory,motorneuron
1126,AWAL,ASGL,1.0,sensory,sensory
1128,AWAL,AWBL,9.0,sensory,sensory
1130,AWAL,ASEL,7.0,sensory,sensory
1134,AWAL,AFDL,7.0,sensory,sensory
1140,AWAL,ASHL,2.0,sensory,sensory
1211,AWAL,AIYL,3.0,sensory,interneuron
1217,AWAL,AIZL,23.0,sensory,interneuron
1223,AWAL,ADAL,2.0,sensory,interneuron
1400,AWAR,ASIL,2.0,sensory,sensory
1407,AWAR,ASGR,1.0,sensory,sensory
1409,AWAR,AWBR,3.0,sensory,sensory
1411,AWAR,ASER,5.0,sensory,sensory
1413,AWAR,ADFR,9.0,sensory,sensory
1415,AWAR,AFDR,23.0,sensory,sensory
1490,AWAR,RIR,2.0,sensory,interneuron
1492,AWAR,AIYR,8.0,sensory,interneuron
1494,AWAR,AIAR,3.0,sensory,interneuron
1496,AWAR,AUAR,1.0,sensory,interneuron
1498,AWAR,AIZR,25.0,sensory,interneuron
1506,AWAR,RIFR,5.0,sensory,interneuron
1525,AWAR,RIGR,6.0,sensory,interneuron
1698,ASGL,ASKL,2.0,sensory,sensory
1764,ASGL,AINR,2.0,sensory,interneuron
1773,ASGL,AIAL,46.0,sensory,interneuron
1808,ASGL,AIBL,17.0,sensory,interneuron
1971,ASGR,ASER,3.0,sensory,sensory
2052,ASGR,AIYR,1.0,sensory,interneuron
2054,ASGR,AIAR,51.0,sensory,interneuron
2089,ASGR,AIBR,20.0,sensory,interneuron
2244,AWBL,AWAL,2.0,sensory,sensory
2250,AWBL,ASEL,1.0,sensory,sensory
2252,AWBL,ADFL,25.0,sensory,sensory
2256,AWBL,AWCL,1.0,sensory,sensory
2260,AWBL,ASHL,2.0,sensory,sensory
2331,AWBL,AIYL,1.0,sensory,interneuron
2333,AWBL,AIAL,4.0,sensory,interneuron
2337,AWBL,AIZL,15.0,sensory,interneuron
2353,AWBL,AVHR,2.0,sensory,interneuron
2364,AWBL,RIGL,2.0,sensory,interneuron
2369,AWBL,AIBR,1.0,sensory,interneuron
2387,AWBL,RIAL,10.0,sensory,interneuron
2396,AWBL,AVBL,2.0,sensory,interneuron
2429,AWBL,SMBDL,2.0,sensory,motorneuron
2431,AWBL,SMBVL,3.0,sensory,motorneuron
2512,AWBL,HSNL,1.0,sensory,motorneuron
2527,AWBR,ASGR,1.0,sensory,sensory
2531,AWBR,ASER,1.0,sensory,sensory
2533,AWBR,ADFR,7.0,sensory,sensory
2541,AWBR,ASHR,2.0,sensory,sensory
2590,AWBR,URYVR,1.0,sensory,sensory
2596,AWBR,OLQVR,1.0,sensory,sensory
2606,AWBR,AIMR,1.0,sensory,interneuron
2610,AWBR,RIR,7.0,sensory,interneuron
2612,AWBR,AIYR,1.0,sensory,interneuron
2618,AWBR,AIZR,8.0,sensory,interneuron
2626,AWBR,RIFR,1.0,sensory,interneuron
2668,AWBR,RIAR,3.0,sensory,interneuron
2677,AWBR,AVBR,2.0,sensory,interneuron
2792,AWBR,HSNL,2.0,sensory,motorneuron
2793,AWBR,HSNR,2.0,sensory,motorneuron
2802,ASEL,ASJL,1.0,sensory,sensory
2808,ASEL,AWBL,1.0,sensory,sensory
2811,ASEL,ASER,2.0,sensory,sensory
2813,ASEL,ADFR,1.0,sensory,sensory
2815,ASEL,AFDR,3.0,sensory,sensory
2816,ASEL,AWCL,16.0,sensory,sensory
2817,ASEL,AWCR,11.0,sensory,sensory
2860,ASEL,IL2R,1.0,sensory,sensory
2872,ASEL,OLLR,1.0,sensory,sensory
2890,ASEL,RIR,1.0,sensory,interneuron
2891,ASEL,AIYL,32.0,sensory,interneuron
2892,ASEL,AIYR,21.0,sensory,interneuron
2893,ASEL,AIAL,6.0,sensory,interneuron
2897,ASEL,AIZL,1.0,sensory,interneuron
2928,ASEL,AIBL,16.0,sensory,interneuron
2929,ASEL,AIBR,13.0,sensory,interneuron
2948,ASEL,RIAR,2.0,sensory,interneuron
3085,ASER,AWAR,1.0,sensory,sensory
3090,ASER,ASEL,3.0,sensory,sensory
3094,ASER,AFDL,2.0,sensory,sensory
3095,ASER,AFDR,3.0,sensory,sensory
3096,ASER,AWCL,1.0,sensory,sensory
3097,ASER,AWCR,1.0,sensory,sensory
3098,ASER,ASKL,1.0,sensory,sensory
3101,ASER,ASHR,2.0,sensory,sensory
3102,ASER,ADLL,4.0,sensory,sensory
3103,ASER,ADLR,1.0,sensory,sensory
3171,ASER,AIYL,9.0,sensory,interneuron
3172,ASER,AIYR,38.0,sensory,interneuron
3173,ASER,AIAL,8.0,sensory,interneuron
3174,ASER,AIAR,4.0,sensory,interneuron
3177,ASER,AIZL,1.0,sensory,interneuron
3208,ASER,AIBL,4.0,sensory,interneuron
3209,ASER,AIBR,32.0,sensory,interneuron
3368,ADFL,AWBL,2.0,sensory,sensory
3374,ADFL,AFDL,1.0,sensory,sensory
3377,ADFL,AWCR,2.0,sensory,sensory
3382,ADFL,ADLL,1.0,sensory,sensory
3386,ADFL,URXL,1.0,sensory,sensory
3450,ADFL,RIR,4.0,sensory,interneuron
3453,ADFL,AIAL,2.0,sensory,interneuron
3455,ADFL,AUAL,12.0,sensory,interneuron
3457,ADFL,AIZL,39.0,sensory,interneuron
3463,ADFL,ADAL,2.0,sensory,interneuron
3482,ADFL,RIBL,4.0,sensory,interneuron
3484,ADFL,RIGL,4.0,sensory,interneuron
3485,ADFL,RIGR,1.0,sensory,interneuron
3488,ADFL,AIBL,2.0,sensory,interneuron
3489,ADFL,AIBR,1.0,sensory,interneuron
3507,ADFL,RIAL,46.0,sensory,interneuron
3538,ADFL,RIVL,1.0,sensory,motorneuron
3547,ADFL,SMDVL,1.0,sensory,motorneuron
3549,ADFL,SMBDL,1.0,sensory,motorneuron
3551,ADFL,SMBVL,9.0,sensory,motorneuron
3645,ADFR,AWAR,1.0,sensory,sensory
3649,ADFR,AWBR,4.0,sensory,sensory
3653,ADFR,ADFR,1.0,sensory,sensory
3655,ADFR,AFDR,1.0,sensory,sensory
3657,ADFR,AWCR,1.0,sensory,sensory
3661,ADFR,ASHR,6.0,sensory,sensory
3664,ADFR,BAGL,6.0,sensory,sensory
3667,ADFR,URXR,10.0,sensory,sensory
3710,ADFR,URYVR,2.0,sensory,sensory
3716,ADFR,OLQVR,1.0,sensory,sensory
3727,ADFR,RIH,2.0,sensory,interneuron
3730,ADFR,RIR,7.0,sensory,interneuron
3732,ADFR,AIYR,2.0,sensory,interneuron
3736,ADFR,AUAR,9.0,sensory,interneuron
3738,ADFR,AIZR,37.0,sensory,interneuron
3744,ADFR,ADAR,4.0,sensory,interneuron
3752,ADFR,AVHL,1.0,sensory,interneuron
3755,ADFR,PVPR,1.0,sensory,interneuron
3765,ADFR,RIGR,24.0,sensory,interneuron
3788,ADFR,RIAR,61.0,sensory,interneuron
3830,ADFR,SMBDR,2.0,sensory,motorneuron
3832,ADFR,SMBVR,19.0,sensory,motorneuron
3928,AFDL,AWBL,4.0,sensory,sensory
3930,AFDL,ASEL,1.0,sensory,sensory
3931,AFDL,ASER,1.0,sensory,sensory
3934,AFDL,AFDL,1.0,sensory,sensory
4004,AFDL,AINR,3.0,sensory,interneuron
4011,AFDL,AIYL,25.0,sensory,interneuron
4048,AFDL,AIBL,1.0,sensory,interneuron
4210,AFDR,ASEL,1.0,sensory,sensory
4211,AFDR,ASER,4.0,sensory,sensory
4214,AFDR,AFDL,1.0,sensory,sensory
4292,AFDR,AIYR,29.0,sensory,interneuron
4480,AWCL,ASIL,1.0,sensory,sensory
4487,AWCL,ASGR,1.0,sensory,sensory
4491,AWCL,ASER,1.0,sensory,sensory
4494,AWCL,AFDL,2.0,sensory,sensory
4497,AWCL,AWCR,11.0,sensory,sensory
4571,AWCL,AIYL,22.0,sensory,interneuron
4573,AWCL,AIAL,2.0,sensory,interneuron
4574,AWCL,AIAR,4.0,sensory,interneuron
4577,AWCL,AIZL,1.0,sensory,interneuron
4608,AWCL,AIBL,12.0,sensory,interneuron
4609,AWCL,AIBR,2.0,sensory,interneuron
4627,AWCL,RIAL,6.0,sensory,interneuron
4638,AWCL,AVAL,1.0,sensory,interneuron
4667,AWCL,SMDVL,1.0,sensory,motorneuron
4760,AWCR,ASIL,2.0,sensory,sensory
4761,AWCR,ASIR,2.0,sensory,sensory
4767,AWCR,ASGR,3.0,sensory,sensory
4770,AWCR,ASEL,8.0,sensory,sensory
4771,AWCR,ASER,5.0,sensory,sensory
4773,AWCR,ADFR,1.0,sensory,sensory
4776,AWCR,AWCL,17.0,sensory,sensory
4781,AWCR,ASHR,1.0,sensory,sensory
4819,AWCR,IL2L,2.0,sensory,sensory
4851,AWCR,AIYL,12.0,sensory,interneuron
4852,AWCR,AIYR,22.0,sensory,interneuron
4853,AWCR,AIAL,1.0,sensory,interneuron
4854,AWCR,AIAR,8.0,sensory,interneuron
4888,AWCR,AIBL,3.0,sensory,interneuron
4889,AWCR,AIBR,18.0,sensory,interneuron
4907,AWCR,RIAL,3.0,sensory,interneuron
4938,AWCR,RIVL,3.0,sensory,motorneuron
5042,ASKL,ASJL,1.0,sensory,sensory
5051,ASKL,ASER,4.0,sensory,sensory
5125,ASKL,AIML,5.0,sensory,interneuron
5133,ASKL,AIAL,29.0,sensory,interneuron
5168,ASKL,AIBL,9.0,sensory,interneuron
5325,ASKR,AWAR,2.0,sensory,sensory
5327,ASKR,ASGR,1.0,sensory,sensory
5331,ASKR,ASER,1.0,sensory,sensory
5343,ASKR,ADLR,3.0,sensory,sensory
5386,ASKR,CEPVR,2.0,sensory,sensory
5406,ASKR,AIMR,5.0,sensory,interneuron
5413,ASKR,AIAL,1.0,sensory,interneuron
5414,ASKR,AIAR,35.0,sensory,interneuron
5420,ASKR,ALA,1.0,sensory,interneuron
5426,ASKR,RIFR,1.0,sensory,interneuron
5449,ASKR,AIBR,2.0,sensory,interneuron
5592,ASKR,HSNL,1.0,sensory,motorneuron
5612,ASHL,ADFL,6.0,sensory,sensory
5618,ASHL,ASKL,1.0,sensory,sensory
5622,ASHL,ADLL,6.0,sensory,sensory
5626,ASHL,URXL,2.0,sensory,sensory
5690,ASHL,RIR,4.0,sensory,interneuron
5693,ASHL,AIAL,24.0,sensory,interneuron
5697,ASHL,AIZL,3.0,sensory,interneuron
5703,ASHL,ADAL,2.0,sensory,interneuron
5710,ASHL,AVFL,2.0,sensory,interneuron
5713,ASHL,AVHR,2.0,sensory,interneuron
5728,ASHL,AIBL,13.0,sensory,interneuron
5742,ASHL,AVDL,7.0,sensory,interneuron
5743,ASHL,AVDR,20.0,sensory,interneuron
5747,ASHL,RIAL,9.0,sensory,interneuron
5749,ASHL,RIML,4.0,sensory,interneuron
5756,ASHL,AVBL,14.0,sensory,interneuron
5758,ASHL,AVAL,15.0,sensory,interneuron
5759,ASHL,AVAR,1.0,sensory,interneuron
5762,ASHL,RIPL,4.0,sensory,interneuron
5872,ASHL,HSNL,2.0,sensory,motorneuron
5885,ASHR,AWAR,1.0,sensory,sensory
5888,ASHR,AWBL,1.0,sensory,sensory
5893,ASHR,ADFR,3.0,sensory,sensory
5901,ASHR,ASHR,2.0,sensory,sensory
5903,ASHR,ADLR,13.0,sensory,sensory
5974,ASHR,AIAR,28.0,sensory,interneuron
5984,ASHR,ADAR,5.0,sensory,interneuron
5992,ASHR,AVHL,1.0,sensory,interneuron
5995,ASHR,PVPR,1.0,sensory,interneuron
6007,ASHR,RMGR,6.0,sensory,interneuron
6009,ASHR,AIBR,7.0,sensory,interneuron
6022,ASHR,AVDL,27.0,sensory,interneuron
6023,ASHR,AVDR,2.0,sensory,interneuron
6028,ASHR,RIAR,3.0,sensory,interneuron
6032,ASHR,AVER,7.0,sensory,interneuron
6037,ASHR,AVBR,6.0,sensory,interneuron
6039,ASHR,AVAR,10.0,sensory,interneuron
6040,ASHR,PVCL,3.0,sensory,interneuron
6072,ASHR,SMBVR,7.0,sensory,motorneuron
6152,ASHR,HSNL,4.0,sensory,motorneuron
6153,ASHR,HSNR,5.0,sensory,motorneuron
6164,ADLL,AWAL,1.0,sensory,sensory
6166,ADLL,ASGL,2.0,sensory,sensory
6168,ADLL,AWBL,3.0,sensory,sensory
6170,ADLL,ASEL,1.0,sensory,sensory
6171,ADLL,ASER,12.0,sensory,sensory
6176,ADLL,AWCL,2.0,sensory,sensory
6180,ADLL,ASHL,6.0,sensory,sensory
6235,ADLL,OLQVL,2.0,sensory,sensory
6250,ADLL,RIR,1.0,sensory,interneuron
6253,ADLL,AIAL,19.0,sensory,interneuron
6260,ADLL,ALA,5.0,sensory,interneuron
6263,ADLL,ADAL,1.0,sensory,interneuron
6284,ADLL,RIGL,1.0,sensory,interneuron
6288,ADLL,AIBL,26.0,sensory,interneuron
6299,ADLL,AVJL,3.0,sensory,interneuron
6300,ADLL,AVJR,9.0,sensory,interneuron
6302,ADLL,AVDL,4.0,sensory,interneuron
6303,ADLL,AVDR,15.0,sensory,interneuron
6307,ADLL,RIAL,1.0,sensory,interneuron
6316,ADLL,AVBL,12.0,sensory,interneuron
6318,ADLL,AVAL,9.0,sensory,interneuron
6319,ADLL,AVAR,5.0,sensory,interneuron
6322,ADLL,RIPL,3.0,sensory,interneuron
6351,ADLL,SMBVL,5.0,sensory,motorneuron
6451,ADLR,ASER,2.0,sensory,sensory
6457,ADLR,AWCR,7.0,sensory,sensory
6461,ADLR,ASHR,4.0,sensory,sensory
6463,ADLR,ADLR,3.0,sensory,sensory
6467,ADLR,URXR,8.0,sensory,sensory
6506,ADLR,CEPVR,1.0,sensory,sensory
6512,ADLR,OLLR,1.0,sensory,sensory
6516,ADLR,OLQVR,1.0,sensory,sensory
6529,ADLR,URBR,6.0,sensory,interneuron
6534,ADLR,AIAR,22.0,sensory,interneuron
6544,ADLR,ADAR,1.0,sensory,interneuron
6546,ADLR,RIFR,2.0,sensory,interneuron
6569,ADLR,AIBR,27.0,sensory,interneuron
6570,ADLR,RICL,1.0,sensory,interneuron
6571,ADLR,RICR,5.0,sensory,interneuron
6579,ADLR,AVJL,2.0,sensory,interneuron
6580,ADLR,AVJR,3.0,sensory,interneuron
6582,ADLR,AVDL,26.0,sensory,interneuron
6583,ADLR,AVDR,3.0,sensory,interneuron
6596,ADLR,AVBL,3.0,sensory,interneuron
6597,ADLR,AVBR,7.0,sensory,interneuron
6599,ADLR,AVAR,8.0,sensory,interneuron
6600,ADLR,PVCL,3.0,sensory,interneuron
6603,ADLR,RIPR,2.0,sensory,interneuron
6632,ADLR,SMBVR,5.0,sensory,motorneuron
6635,ADLR,SIBVL,2.0,sensory,motorneuron
6733,BAGL,ADFR,1.0,sensory,sensory
6745,BAGL,BAGR,1.0,sensory,sensory
6747,BAGL,URXR,1.0,sensory,sensory
6786,BAGL,CEPVR,2.0,sensory,sensory
6803,BAGL,AINL,1.0,sensory,interneuron
6816,BAGL,AUAR,2.0,sensory,interneuron
6818,BAGL,AIZR,2.0,sensory,interneuron
6843,BAGL,RIBR,19.0,sensory,interneuron
6844,BAGL,RIGL,3.0,sensory,interneuron
6845,BAGL,RIGR,7.0,sensory,interneuron
6848,BAGL,AIBL,2.0,sensory,interneuron
6868,BAGL,RIAR,18.0,sensory,interneuron
6871,BAGL,AVEL,2.0,sensory,interneuron
6872,BAGL,AVER,7.0,sensory,interneuron
6875,BAGL,RID,3.0,sensory,interneuron
6879,BAGL,AVAR,3.0,sensory,interneuron
6883,BAGL,RIPR,1.0,sensory,interneuron
6887,BAGL,URAVR,1.0,sensory,motorneuron
6899,BAGL,RIVR,2.0,sensory,motorneuron
7024,BAGR,BAGL,3.0,sensory,sensory
7034,BAGR,AQR,3.0,sensory,sensory
7075,BAGR,OLQVL,2.0,sensory,sensory
7091,BAGR,AIYL,3.0,sensory,interneuron
7122,BAGR,RIBL,22.0,sensory,interneuron
7123,BAGR,RIBR,1.0,sensory,interneuron
7124,BAGR,RIGL,10.0,sensory,interneuron
7147,BAGR,RIAL,18.0,sensory,interneuron
7151,BAGR,AVEL,8.0,sensory,interneuron
7158,BAGR,AVAL,4.0,sensory,interneuron
7187,BAGR,SMDVL,1.0,sensory,motorneuron
7280,URXL,ASIL,1.0,sensory,sensory
7292,URXL,ADFL,1.0,sensory,sensory
7300,URXL,ASHL,1.0,sensory,sensory
7305,URXL,BAGR,2.0,sensory,sensory
7306,URXL,URXL,3.0,sensory,sensory
7339,URXL,IL2L,1.0,sensory,sensory
7343,URXL,CEPDL,1.0,sensory,sensory
7355,URXL,OLQVL,2.0,sensory,sensory
7357,URXL,IL1DL,2.0,sensory,sensory
7365,URXL,AIML,2.0,sensory,interneuron
7370,URXL,RIR,1.0,sensory,interneuron
7375,URXL,AUAL,14.0,sensory,interneuron
7377,URXL,AIZL,1.0,sensory,interneuron
7383,URXL,ADAL,6.0,sensory,interneuron
7404,URXL,RIGL,6.0,sensory,interneuron
7406,URXL,RMGL,5.0,sensory,interneuron
7410,URXL,RICL,8.0,sensory,interneuron
7420,URXL,AVJR,4.0,sensory,interneuron
7423,URXL,AVDR,1.0,sensory,interneuron
7427,URXL,RIAL,15.0,sensory,interneuron
7431,URXL,AVEL,9.0,sensory,interneuron
7435,URXL,RID,1.0,sensory,interneuron
7436,URXL,AVBL,4.0,sensory,interneuron
7438,URXL,AVAL,1.0,sensory,interneuron
7553,URXL,HSNR,1.0,sensory,motorneuron
7569,URXR,AWBR,2.0,sensory,sensory
7573,URXR,ADFR,4.0,sensory,sensory
7583,URXR,ADLR,3.0,sensory,sensory
7597,URXR,ALMR,1.0,sensory,sensory
7624,URXR,CEPDR,1.0,sensory,sensory
7636,URXR,OLQVR,2.0,sensory,sensory
7646,URXR,AIMR,3.0,sensory,interneuron
7649,URXR,URBR,8.0,sensory,interneuron
7650,URXR,RIR,4.0,sensory,interneuron
7656,URXR,AUAR,21.0,sensory,interneuron
7664,URXR,ADAR,1.0,sensory,interneuron
7666,URXR,RIFR,3.0,sensory,interneuron
7685,URXR,RIGR,7.0,sensory,interneuron
7687,URXR,RMGR,6.0,sensory,interneuron
7691,URXR,RICR,3.0,sensory,interneuron
7708,URXR,RIAR,20.0,sensory,interneuron
7712,URXR,AVER,2.0,sensory,interneuron
7716,URXR,AVBL,2.0,sensory,interneuron
7717,URXR,AVBR,3.0,sensory,interneuron
7719,URXR,AVAR,2.0,sensory,interneuron
7723,URXR,RIPR,10.0,sensory,interneuron
7732,URXR,RMDDL,2.0,sensory,motorneuron
7735,URXR,RMDR,8.0,sensory,motorneuron
7752,URXR,SMBVR,7.0,sensory,motorneuron
7757,URXR,SIADL,2.0,sensory,motorneuron
7760,URXR,SIAVR,4.0,sensory,motorneuron
7966,ALNL,RMGL,1.0,sensory,interneuron
7974,ALNL,SAAVL,8.0,sensory,interneuron
7987,ALNL,RIAL,1.0,sensory,interneuron
8013,ALNL,RMDDR,1.0,sensory,motorneuron
8020,ALNL,RMHL,1.0,sensory,motorneuron
8027,ALNL,SMDVL,1.0,sensory,motorneuron
8030,ALNL,SMBDR,7.0,sensory,motorneuron
8038,ALNL,SIADR,1.0,sensory,motorneuron
8168,ALNR,ADER,1.0,sensory,sensory
8255,ALNR,SAAVR,6.0,sensory,interneuron
8269,ALNR,RIML,5.0,sensory,interneuron
8278,ALNR,AVAL,6.0,sensory,interneuron
8306,ALNR,SMDDR,1.0,sensory,motorneuron
8307,ALNR,SMDVL,2.0,sensory,motorneuron
8309,ALNR,SMBDL,4.0,sensory,motorneuron
8532,PLNL,SAADL,5.0,sensory,interneuron
8591,PLNL,SMBVL,10.0,sensory,motorneuron
8599,PLNL,SIAVL,10.0,sensory,motorneuron
8813,PLNR,SAADR,8.0,sensory,interneuron
8814,PLNR,SAAVL,1.0,sensory,interneuron
8856,PLNR,RMDVL,1.0,sensory,motorneuron
8867,PLNR,SMDVL,2.0,sensory,motorneuron
8872,PLNR,SMBVR,10.0,sensory,motorneuron
8880,PLNR,SIAVR,10.0,sensory,motorneuron
8996,SDQL,ALML,1.0,sensory,sensory
9002,SDQL,FLPL,2.0,sensory,sensory
9004,SDQL,DVA,1.0,sensory,sensory
9059,SDQL,RIS,8.0,sensory,interneuron
9069,SDQL,PVR,1.0,sensory,interneuron
9089,SDQL,AIBR,2.0,sensory,interneuron
9091,SDQL,RICR,3.0,sensory,interneuron
9093,SDQL,SAADR,2.0,sensory,interneuron
9102,SDQL,AVDL,3.0,sensory,interneuron
9111,SDQL,AVEL,1.0,sensory,interneuron
9113,SDQL,RMFL,3.0,sensory,interneuron
9116,SDQL,AVBL,1.0,sensory,interneuron
9117,SDQL,AVBR,2.0,sensory,interneuron
9118,SDQL,AVAL,6.0,sensory,interneuron
9119,SDQL,AVAR,8.0,sensory,interneuron
9120,SDQL,PVCL,1.0,sensory,interneuron
9123,SDQL,RIPR,1.0,sensory,interneuron
9150,SDQL,SMBDR,11.0,sensory,motorneuron
9155,SDQL,SIBVL,1.0,sensory,motorneuron
9158,SDQL,SIADR,2.0,sensory,motorneuron
9262,SDQR,ADLL,1.0,sensory,sensory
9272,SDQR,SDQL,4.0,sensory,sensory
9276,SDQR,ALML,1.0,sensory,sensory
9284,SDQR,DVA,10.0,sensory,sensory
9368,SDQR,AIBL,8.0,sensory,interneuron
9370,SDQR,RICL,1.0,sensory,interneuron
9371,SDQR,RICR,3.0,sensory,interneuron
9396,SDQR,AVBL,23.0,sensory,interneuron
9397,SDQR,AVBR,19.0,sensory,interneuron
9398,SDQR,AVAL,8.0,sensory,interneuron
9420,SDQR,RMHL,15.0,sensory,motorneuron
9421,SDQR,RMHR,7.0,sensory,motorneuron
9437,SDQR,SIADL,2.0,sensory,motorneuron
9544,AQR,BAGL,8.0,sensory,sensory
9545,AQR,BAGR,5.0,sensory,sensory
9546,AQR,URXL,5.0,sensory,sensory
9564,AQR,DVA,6.0,sensory,sensory
9610,AQR,RIR,1.0,sensory,interneuron
9634,AQR,PVPL,3.0,sensory,interneuron
9635,AQR,PVPR,1.0,sensory,interneuron
9644,AQR,RIGL,1.0,sensory,interneuron
9659,AQR,AVJL,3.0,sensory,interneuron
9662,AQR,AVDL,3.0,sensory,interneuron
9663,AQR,AVDR,2.0,sensory,interneuron
9667,AQR,RIAL,8.0,sensory,interneuron
9668,AQR,RIAR,4.0,sensory,interneuron
9676,AQR,AVBL,7.0,sensory,interneuron
9677,AQR,AVBR,12.0,sensory,interneuron
9678,AQR,AVAL,4.0,sensory,interneuron
9679,AQR,AVAR,6.0,sensory,interneuron
9680,AQR,PVCL,1.0,sensory,interneuron
9681,AQR,PVCR,4.0,sensory,interneuron
10112,ALML,SDQL,2.0,sensory,sensory
10116,ALML,ALML,1.0,sensory,sensory
10143,ALML,CEPDL,2.0,sensory,sensory
10145,ALML,CEPVL,3.0,sensory,sensory
10165,ALML,AIML,1.0,sensory,interneuron
10185,ALML,RIFL,2.0,sensory,interneuron
10187,ALML,BDUL,15.0,sensory,interneuron
10206,ALML,RMGL,3.0,sensory,interneuron
10210,ALML,RICL,2.0,sensory,interneuron
10211,ALML,RICR,3.0,sensory,interneuron
10223,ALML,AVDR,3.0,sensory,interneuron
10231,ALML,AVEL,3.0,sensory,interneuron
10240,ALML,PVCL,11.0,sensory,interneuron
10241,ALML,PVCR,4.0,sensory,interneuron
10253,ALML,RMDDR,1.0,sensory,motorneuron
10270,ALML,SMBDR,2.0,sensory,motorneuron
10424,ALMR,CEPDR,1.0,sensory,sensory
10426,ALMR,CEPVR,3.0,sensory,sensory
10449,ALMR,URBR,1.0,sensory,interneuron
10468,ALMR,BDUR,14.0,sensory,interneuron
10521,ALMR,PVCR,10.0,sensory,interneuron
10532,ALMR,RMDDL,1.0,sensory,motorneuron
10545,ALMR,SMDDL,1.0,sensory,motorneuron
10557,ALMR,SIADL,1.0,sensory,motorneuron
10688,AVM,ADER,4.0,sensory,sensory
10747,AVM,BDUL,3.0,sensory,interneuron
10748,AVM,BDUR,5.0,sensory,interneuron
10749,AVM,PVR,6.0,sensory,interneuron
10752,AVM,AVHL,3.0,sensory,interneuron
10758,AVM,PVNL,4.0,sensory,interneuron
10759,AVM,PVNR,3.0,sensory,interneuron
10776,AVM,AVKL,1.0,sensory,interneuron
10780,AVM,AVJR,1.0,sensory,interneuron
10782,AVM,AVDL,1.0,sensory,interneuron
10783,AVM,AVDR,1.0,sensory,interneuron
10795,AVM,RID,2.0,sensory,interneuron
10796,AVM,AVBL,13.0,sensory,interneuron
10797,AVM,AVBR,9.0,sensory,interneuron
10800,AVM,PVCL,10.0,sensory,interneuron
10801,AVM,PVCR,17.0,sensory,interneuron
10835,AVM,SIBVL,4.0,sensory,motorneuron
11803,FLPL,FLPR,2.0,sensory,sensory
11804,FLPL,DVA,1.0,sensory,sensory
11807,FLPL,ADEL,22.0,sensory,sensory
11808,FLPL,ADER,3.0,sensory,sensory
11859,FLPL,RIS,1.0,sensory,interneuron
11888,FLPL,AIBL,3.0,sensory,interneuron
11889,FLPL,AIBR,3.0,sensory,interneuron
11902,FLPL,AVDL,30.0,sensory,interneuron
11903,FLPL,AVDR,34.0,sensory,interneuron
11916,FLPL,AVBL,22.0,sensory,interneuron
11917,FLPL,AVBR,22.0,sensory,interneuron
11918,FLPL,AVAL,33.0,sensory,interneuron
11919,FLPL,AVAR,48.0,sensory,interneuron
11921,FLPL,PVCR,6.0,sensory,interneuron
12082,FLPR,FLPL,14.0,sensory,sensory
12084,FLPR,DVA,6.0,sensory,sensory
12088,FLPR,ADER,6.0,sensory,sensory
12143,FLPR,ADAL,1.0,sensory,interneuron
12144,FLPR,ADAR,1.0,sensory,interneuron
12179,FLPR,AVJL,2.0,sensory,interneuron
12180,FLPR,AVJR,2.0,sensory,interneuron
12182,FLPR,AVDL,25.0,sensory,interneuron
12183,FLPR,AVDR,8.0,sensory,interneuron
12191,FLPR,AVEL,21.0,sensory,interneuron
12192,FLPR,AVER,7.0,sensory,interneuron
12196,FLPR,AVBL,30.0,sensory,interneuron
12197,FLPR,AVBR,11.0,sensory,interneuron
12198,FLPR,AVAL,23.0,sensory,interneuron
12199,FLPR,AVAR,10.0,sensory,interneuron
12200,FLPR,PVCL,2.0,sensory,interneuron
12346,DVA,URXL,1.0,sensory,sensory
12354,DVA,AQR,6.0,sensory,sensory
12387,DVA,URYDL,3.0,sensory,sensory
12410,DVA,RIR,4.0,sensory,interneuron
12415,DVA,AUAL,4.0,sensory,interneuron
12416,DVA,AUAR,8.0,sensory,interneuron
12417,DVA,AIZL,5.0,sensory,interneuron
12418,DVA,AIZR,3.0,sensory,interneuron
12429,DVA,PVR,2.0,sensory,interneuron
12435,DVA,PVPR,3.0,sensory,interneuron
12453,DVA,SAADR,5.0,sensory,interneuron
12454,DVA,SAAVL,3.0,sensory,interneuron
12455,DVA,SAAVR,1.0,sensory,interneuron
12463,DVA,AVDR,2.0,sensory,interneuron
12467,DVA,RIAL,3.0,sensory,interneuron
12468,DVA,RIAR,4.0,sensory,interneuron
12470,DVA,RIMR,5.0,sensory,interneuron
12471,DVA,AVEL,19.0,sensory,interneuron
12472,DVA,AVER,17.0,sensory,interneuron
12476,DVA,AVBL,1.0,sensory,interneuron
12477,DVA,AVBR,1.0,sensory,interneuron
12478,DVA,AVAL,6.0,sensory,interneuron
12479,DVA,AVAR,2.0,sensory,interneuron
12480,DVA,PVCL,4.0,sensory,interneuron
12481,DVA,PVCR,1.0,sensory,interneuron
12507,DVA,SMDVL,1.0,sensory,motorneuron
12509,DVA,SMBDL,6.0,sensory,motorneuron
12510,DVA,SMBDR,6.0,sensory,motorneuron
12511,DVA,SMBVL,5.0,sensory,motorneuron
12512,DVA,SMBVR,6.0,sensory,motorneuron
13196,ADEL,ALML,1.0,sensory,sensory
13202,ADEL,FLPL,4.0,sensory,sensory
13207,ADEL,ADEL,2.0,sensory,sensory
13208,ADEL,ADER,5.0,sensory,sensory
13219,ADEL,IL2L,5.0,sensory,sensory
13223,ADEL,CEPDL,1.0,sensory,sensory
13225,ADEL,CEPVL,1.0,sensory,sensory
13231,ADEL,OLLL,6.0,sensory,sensory
13239,ADEL,IL1L,3.0,sensory,sensory
13247,ADEL,RIH,3.0,sensory,interneuron
13248,ADEL,URBL,2.0,sensory,interneuron
13263,ADEL,ADAL,1.0,sensory,interneuron
13265,ADEL,RIFL,1.0,sensory,interneuron
13267,ADEL,BDUL,1.0,sensory,interneuron
13272,ADEL,AVHL,2.0,sensory,interneuron
13284,ADEL,RIGL,18.0,sensory,interneuron
13285,ADEL,RIGR,15.0,sensory,interneuron
13286,ADEL,RMGL,7.0,sensory,interneuron
13293,ADEL,SAADR,1.0,sensory,interneuron
13302,ADEL,AVDL,2.0,sensory,interneuron
13304,ADEL,AVL,1.0,sensory,interneuron
13307,ADEL,RIAL,2.0,sensory,interneuron
13311,ADEL,AVEL,3.0,sensory,interneuron
13318,ADEL,AVAL,7.0,sensory,interneuron
13319,ADEL,AVAR,9.0,sensory,interneuron
13329,ADEL,RMER,1.0,sensory,motorneuron
13334,ADEL,RMDL,11.0,sensory,motorneuron
13338,ADEL,RIVL,2.0,sensory,motorneuron
13339,ADEL,RIVR,2.0,sensory,motorneuron
13340,ADEL,RMHL,1.0,sensory,motorneuron
13341,ADEL,RMHR,2.0,sensory,motorneuron
13350,ADEL,SMBDR,1.0,sensory,motorneuron
13351,ADEL,SMBVL,2.0,sensory,motorneuron
13354,ADEL,SIBDR,2.0,sensory,motorneuron
13358,ADEL,SIADR,2.0,sensory,motorneuron
13441,ADER,ASIR,1.0,sensory,sensory
13467,ADER,URXR,2.0,sensory,sensory
13469,ADER,ALNR,1.0,sensory,sensory
13482,ADER,FLPL,1.0,sensory,sensory
13483,ADER,FLPR,4.0,sensory,sensory
13487,ADER,ADEL,3.0,sensory,sensory
13500,ADER,IL2R,1.0,sensory,sensory
13504,ADER,CEPDR,5.0,sensory,sensory
13506,ADER,CEPVR,1.0,sensory,sensory
13512,ADER,OLLR,3.0,sensory,sensory
13520,ADER,IL1R,1.0,sensory,sensory
13529,ADER,URBR,1.0,sensory,interneuron
13544,ADER,ADAR,1.0,sensory,interneuron
13564,ADER,RIGL,12.0,sensory,interneuron
13565,ADER,RIGR,11.0,sensory,interneuron
13567,ADER,RMGR,5.0,sensory,interneuron
13580,ADER,AVJR,1.0,sensory,interneuron
13583,ADER,AVDR,5.0,sensory,interneuron
13588,ADER,RIAR,1.0,sensory,interneuron
13592,ADER,AVER,4.0,sensory,interneuron
13598,ADER,AVAL,9.0,sensory,interneuron
13599,ADER,AVAR,4.0,sensory,interneuron
13614,ADER,RMDL,1.0,sensory,motorneuron
13615,ADER,RMDR,6.0,sensory,motorneuron
13628,ADER,SMDVR,1.0,sensory,motorneuron
16017,IL2DL,IL2DL,2.0,sensory,sensory
16033,IL2DL,OLQDL,2.0,sensory,sensory
16037,IL2DL,IL1DL,17.0,sensory,sensory
16047,IL2DL,RIH,2.0,sensory,interneuron
16055,IL2DL,AUAL,2.0,sensory,interneuron
16082,IL2DL,RIBL,1.0,sensory,interneuron
16117,IL2DL,AVBR,2.0,sensory,interneuron
16122,IL2DL,RIPL,28.0,sensory,interneuron
16124,IL2DL,URADL,8.0,sensory,motorneuron
16128,IL2DL,RMEL,11.0,sensory,motorneuron
16129,IL2DL,RMER,8.0,sensory,motorneuron
16130,IL2DL,RMED,2.0,sensory,motorneuron
16131,IL2DL,RMEV,1.0,sensory,motorneuron
16140,IL2DL,RMHL,1.0,sensory,motorneuron
16304,IL2DR,CEPDR,2.0,sensory,sensory
16314,IL2DR,OLQDR,2.0,sensory,sensory
16318,IL2DR,IL1DR,28.0,sensory,sensory
16370,IL2DR,RICL,1.0,sensory,interneuron
16371,IL2DR,RICR,2.0,sensory,interneuron
16402,IL2DR,RIPL,1.0,sensory,interneuron
16403,IL2DR,RIPR,43.0,sensory,interneuron
16405,IL2DR,URADR,5.0,sensory,motorneuron
16408,IL2DR,RMEL,12.0,sensory,motorneuron
16409,IL2DR,RMER,11.0,sensory,motorneuron
16410,IL2DR,RMED,3.0,sensory,motorneuron
16411,IL2DR,RMEV,5.0,sensory,motorneuron
16546,IL2L,URXL,3.0,sensory,sensory
16567,IL2L,ADEL,6.0,sensory,sensory
16593,IL2L,OLQDL,20.0,sensory,sensory
16595,IL2L,OLQVL,19.0,sensory,sensory
16599,IL2L,IL1L,6.0,sensory,sensory
16607,IL2L,RIH,25.0,sensory,interneuron
16650,IL2L,RICL,1.0,sensory,interneuron
16671,IL2L,AVEL,2.0,sensory,interneuron
16686,IL2L,URAVL,2.0,sensory,motorneuron
16689,IL2L,RMER,10.0,sensory,motorneuron
16691,IL2L,RMEV,5.0,sensory,motorneuron
16695,IL2L,RMDR,3.0,sensory,motorneuron
16827,IL2R,URXR,1.0,sensory,sensory
16848,IL2R,ADER,5.0,sensory,sensory
16872,IL2R,OLLR,5.0,sensory,sensory
16874,IL2R,OLQDR,10.0,sensory,sensory
16876,IL2R,OLQVR,26.0,sensory,sensory
16880,IL2R,IL1R,2.0,sensory,sensory
16887,IL2R,RIH,19.0,sensory,interneuron
16889,IL2R,URBR,3.0,sensory,interneuron
16927,IL2R,RMGR,1.0,sensory,interneuron
16952,IL2R,AVER,2.0,sensory,interneuron
16965,IL2R,URADR,2.0,sensory,motorneuron
16967,IL2R,URAVR,1.0,sensory,motorneuron
16968,IL2R,RMEL,5.0,sensory,motorneuron
16971,IL2R,RMEV,2.0,sensory,motorneuron
16974,IL2R,RMDL,3.0,sensory,motorneuron
17105,IL2VL,BAGR,1.0,sensory,sensory
17139,IL2VL,IL2L,1.0,sensory,sensory
17155,IL2VL,OLQVL,6.0,sensory,sensory
17161,IL2VL,IL1VL,27.0,sensory,sensory
17167,IL2VL,RIH,5.0,sensory,interneuron
17218,IL2VL,DVC,1.0,sensory,interneuron
17227,IL2VL,RIAL,4.0,sensory,interneuron
17242,IL2VL,RIPL,36.0,sensory,interneuron
17246,IL2VL,URAVL,7.0,sensory,motorneuron
17248,IL2VL,RMEL,7.0,sensory,motorneuron
17249,IL2VL,RMER,6.0,sensory,motorneuron
17251,IL2VL,RMEV,2.0,sensory,motorneuron
17383,IL2VR,ADLR,1.0,sensory,sensory
17387,IL2VR,URXR,1.0,sensory,sensory
17436,IL2VR,OLQVR,9.0,sensory,sensory
17442,IL2VR,IL1VR,29.0,sensory,sensory
17447,IL2VR,RIH,5.0,sensory,interneuron
17508,IL2VR,RIAR,2.0,sensory,interneuron
17518,IL2VR,AVAL,1.0,sensory,interneuron
17523,IL2VR,RIPR,43.0,sensory,interneuron
17527,IL2VR,URAVR,16.0,sensory,motorneuron
17528,IL2VR,RMEL,8.0,sensory,motorneuron
17529,IL2VR,RMER,17.0,sensory,motorneuron
17530,IL2VR,RMED,2.0,sensory,motorneuron
17531,IL2VR,RMEV,15.0,sensory,motorneuron
17558,IL2VR,SIADR,1.0,sensory,motorneuron
17654,CEPDL,AFDL,2.0,sensory,sensory
17676,CEPDL,ALML,2.0,sensory,sensory
17697,CEPDL,IL2DL,1.0,sensory,sensory
17704,CEPDL,CEPDR,1.0,sensory,sensory
17707,CEPDL,URYDL,7.0,sensory,sensory
17711,CEPDL,OLLL,8.0,sensory,sensory
17713,CEPDL,OLQDL,27.0,sensory,sensory
17717,CEPDL,IL1DL,18.0,sensory,sensory
17723,CEPDL,AINL,2.0,sensory,interneuron
17727,CEPDL,RIH,1.0,sensory,interneuron
17728,CEPDL,URBL,11.0,sensory,interneuron
17739,CEPDL,RIS,3.0,sensory,interneuron
17762,CEPDL,RIBL,3.0,sensory,interneuron
17766,CEPDL,RMGL,6.0,sensory,interneuron
17770,CEPDL,RICL,11.0,sensory,interneuron
17771,CEPDL,RICR,8.0,sensory,interneuron
17792,CEPDL,AVER,13.0,sensory,interneuron
17802,CEPDL,RIPL,8.0,sensory,interneuron
17804,CEPDL,URADL,8.0,sensory,motorneuron
17812,CEPDL,RMDDL,2.0,sensory,motorneuron
17816,CEPDL,RMDVL,13.0,sensory,motorneuron
17820,CEPDL,RMHL,1.0,sensory,motorneuron
17821,CEPDL,RMHR,8.0,sensory,motorneuron
17830,CEPDL,SMBDR,5.0,sensory,motorneuron
17834,CEPDL,SIBDR,2.0,sensory,motorneuron
17838,CEPDL,SIADR,4.0,sensory,motorneuron
17947,CEPDR,URXR,2.0,sensory,sensory
17984,CEPDR,CEPDR,6.0,sensory,sensory
17988,CEPDR,URYDR,3.0,sensory,sensory
17992,CEPDR,OLLR,13.0,sensory,sensory
17994,CEPDR,OLQDR,20.0,sensory,sensory
17998,CEPDR,IL1DR,15.0,sensory,sensory
18000,CEPDR,IL1R,1.0,sensory,sensory
18007,CEPDR,RIH,4.0,sensory,interneuron
18009,CEPDR,URBR,14.0,sensory,interneuron
18026,CEPDR,RIFR,2.0,sensory,interneuron
18028,CEPDR,BDUR,5.0,sensory,interneuron
18043,CEPDR,RIBR,3.0,sensory,interneuron
18047,CEPDR,RMGR,1.0,sensory,interneuron
18050,CEPDR,RICL,13.0,sensory,interneuron
18051,CEPDR,RICR,19.0,sensory,interneuron
18071,CEPDR,AVEL,9.0,sensory,interneuron
18085,CEPDR,URADR,3.0,sensory,motorneuron
18095,CEPDR,RMDR,1.0,sensory,motorneuron
18097,CEPDR,RMDVR,3.0,sensory,motorneuron
18100,CEPDR,RMHL,7.0,sensory,motorneuron
18101,CEPDR,RMHR,1.0,sensory,motorneuron
18109,CEPDR,SMBDL,1.0,sensory,motorneuron
18116,CEPDR,SIBVR,1.0,sensory,motorneuron
18226,CEPVL,URXL,2.0,sensory,sensory
18269,CEPVL,URYVL,5.0,sensory,sensory
18271,CEPVL,OLLL,4.0,sensory,sensory
18275,CEPVL,OLQVL,19.0,sensory,sensory
18281,CEPVL,IL1VL,9.0,sensory,sensory
18309,CEPVL,PVR,3.0,sensory,interneuron
18322,CEPVL,RIBL,3.0,sensory,interneuron
18326,CEPVL,RMGL,2.0,sensory,interneuron
18330,CEPVL,RICL,20.0,sensory,interneuron
18331,CEPVL,RICR,17.0,sensory,interneuron
18347,CEPVL,RIAL,1.0,sensory,interneuron
18352,CEPVL,AVER,5.0,sensory,interneuron
18362,CEPVL,RIPL,4.0,sensory,interneuron
18366,CEPVL,URAVL,6.0,sensory,motorneuron
18372,CEPVL,RMDDL,7.0,sensory,motorneuron
18377,CEPVL,RMDVR,8.0,sensory,motorneuron
18380,CEPVL,RMHL,10.0,sensory,motorneuron
18381,CEPVL,RMHR,5.0,sensory,motorneuron
18388,CEPVL,SMDVR,1.0,sensory,motorneuron
18391,CEPVL,SMBVL,1.0,sensory,motorneuron
18399,CEPVL,SIAVL,6.0,sensory,motorneuron
18487,CEPVR,ASGR,2.0,sensory,sensory
18503,CEPVR,ADLR,3.0,sensory,sensory
18542,CEPVR,IL2VR,3.0,sensory,sensory
18544,CEPVR,CEPDR,1.0,sensory,sensory
18550,CEPVR,URYVR,2.0,sensory,sensory
18552,CEPVR,OLLR,14.0,sensory,sensory
18556,CEPVR,OLQVR,11.0,sensory,sensory
18562,CEPVR,IL1VR,8.0,sensory,sensory
18610,CEPVR,RICL,13.0,sensory,interneuron
18611,CEPVR,RICR,12.0,sensory,interneuron
18627,CEPVR,RIAL,1.0,sensory,interneuron
18628,CEPVR,RIAR,1.0,sensory,interneuron
18631,CEPVR,AVEL,13.0,sensory,interneuron
18643,CEPVR,RIPR,3.0,sensory,interneuron
18647,CEPVR,URAVR,3.0,sensory,motorneuron
18653,CEPVR,RMDDR,4.0,sensory,motorneuron
18658,CEPVR,RIVL,2.0,sensory,motorneuron
18661,CEPVR,RMHR,15.0,sensory,motorneuron
18666,CEPVR,SMDDR,2.0,sensory,motorneuron
18672,CEPVR,SMBVR,2.0,sensory,motorneuron
18680,CEPVR,SIAVR,7.0,sensory,motorneuron
18831,URYDL,OLLL,3.0,sensory,sensory
18833,URYDL,OLQDL,2.0,sensory,sensory
18837,URYDL,IL1DL,3.0,sensory,sensory
18857,URYDL,AIZL,1.0,sensory,interneuron
18882,URYDL,RIBL,8.0,sensory,interneuron
18911,URYDL,AVEL,1.0,sensory,interneuron
18912,URYDL,AVER,9.0,sensory,interneuron
18933,URYDL,RMDDR,15.0,sensory,motorneuron
18936,URYDL,RMDVL,18.0,sensory,motorneuron
18945,URYDL,SMDDL,2.0,sensory,motorneuron
18946,URYDL,SMDDR,3.0,sensory,motorneuron
19056,URYDR,AWCL,1.0,sensory,sensory
19067,URYDR,URXR,1.0,sensory,sensory
19104,URYDR,CEPDR,3.0,sensory,sensory
19114,URYDR,OLQDR,1.0,sensory,sensory
19118,URYDR,IL1DR,5.0,sensory,sensory
19163,URYDR,RIBR,1.0,sensory,interneuron
19191,URYDR,AVEL,5.0,sensory,interneuron
19192,URYDR,AVER,2.0,sensory,interneuron
19196,URYDR,AVBL,1.0,sensory,interneuron
19210,URYDR,RMED,7.0,sensory,motorneuron
19212,URYDR,RMDDL,9.0,sensory,motorneuron
19217,URYDR,RMDVR,12.0,sensory,motorneuron
19225,URYDR,SMDDL,11.0,sensory,motorneuron
19228,URYDR,SMDVR,3.0,sensory,motorneuron
19346,URYVL,URXL,2.0,sensory,sensory
19385,URYVL,CEPVL,3.0,sensory,sensory
19391,URYVL,OLLL,9.0,sensory,sensory
19395,URYVL,OLQVL,9.0,sensory,sensory
19401,URYVL,IL1VL,1.0,sensory,sensory
19407,URYVL,RIH,2.0,sensory,interneuron
19419,URYVL,RIS,1.0,sensory,interneuron
19423,URYVL,ADAL,1.0,sensory,interneuron
19442,URYVL,RIBL,9.0,sensory,interneuron
19460,URYVL,AVJR,1.0,sensory,interneuron
19463,URYVL,AVDR,2.0,sensory,interneuron
19467,URYVL,RIAL,2.0,sensory,interneuron
19472,URYVL,AVER,23.0,sensory,interneuron
19475,URYVL,RID,4.0,sensory,interneuron
19477,URYVL,AVBR,1.0,sensory,interneuron
19492,URYVL,RMDDL,23.0,sensory,motorneuron
19497,URYVL,RMDVR,17.0,sensory,motorneuron
19508,URYVL,SMDVR,13.0,sensory,motorneuron
19515,URYVL,SIBVL,1.0,sensory,motorneuron
19516,URYVL,SIBVR,4.0,sensory,motorneuron
19666,URYVR,CEPVR,1.0,sensory,sensory
19682,URYVR,IL1VR,3.0,sensory,sensory
19704,URYVR,ADAR,1.0,sensory,interneuron
19723,URYVR,RIBR,19.0,sensory,interneuron
19744,URYVR,AVL,5.0,sensory,interneuron
19748,URYVR,RIAR,2.0,sensory,interneuron
19751,URYVR,AVEL,26.0,sensory,interneuron
19756,URYVR,AVBL,5.0,sensory,interneuron
19758,URYVR,AVAL,2.0,sensory,interneuron
19773,URYVR,RMDDR,32.0,sensory,motorneuron
19774,URYVR,RMDL,2.0,sensory,motorneuron
19776,URYVR,RMDVL,19.0,sensory,motorneuron
19787,URYVR,SMDVL,11.0,sensory,motorneuron
19790,URYVR,SMBDR,1.0,sensory,motorneuron
19794,URYVR,SIBDR,4.0,sensory,motorneuron
19795,URYVR,SIBVL,5.0,sensory,motorneuron
19927,OLLL,ADEL,5.0,sensory,sensory
19943,OLLL,CEPDL,5.0,sensory,sensory
19945,OLLL,CEPVL,14.0,sensory,sensory
19947,OLLL,URYDL,2.0,sensory,sensory
19949,OLLL,URYVL,1.0,sensory,sensory
19951,OLLL,OLLL,4.0,sensory,sensory
19961,OLLL,IL1VL,3.0,sensory,sensory
20002,OLLL,RIBL,24.0,sensory,interneuron
20032,OLLL,AVER,53.0,sensory,interneuron
20048,OLLL,RMEL,5.0,sensory,motorneuron
20052,OLLL,RMDDL,22.0,sensory,motorneuron
20054,OLLL,RMDL,6.0,sensory,motorneuron
20056,OLLL,RMDVL,3.0,sensory,motorneuron
20065,OLLL,SMDDL,8.0,sensory,motorneuron
20066,OLLL,SMDDR,9.0,sensory,motorneuron
20068,OLLL,SMDVR,10.0,sensory,motorneuron
20208,OLLR,ADER,2.0,sensory,sensory
20220,OLLR,IL2R,1.0,sensory,sensory
20224,OLLR,CEPDR,4.0,sensory,sensory
20226,OLLR,CEPVR,16.0,sensory,sensory
20232,OLLR,OLLR,4.0,sensory,sensory
20234,OLLR,OLQDR,1.0,sensory,sensory
20238,OLLR,IL1DR,1.0,sensory,sensory
20242,OLLR,IL1VR,2.0,sensory,sensory
20259,OLLR,RIS,2.0,sensory,interneuron
20283,OLLR,RIBR,21.0,sensory,interneuron
20311,OLLR,AVEL,39.0,sensory,interneuron
20329,OLLR,RMER,3.0,sensory,motorneuron
20330,OLLR,RMED,1.0,sensory,motorneuron
20333,OLLR,RMDDR,26.0,sensory,motorneuron
20334,OLLR,RMDL,9.0,sensory,motorneuron
20335,OLLR,RMDR,2.0,sensory,motorneuron
20337,OLLR,RMDVR,6.0,sensory,motorneuron
20345,OLLR,SMDDL,3.0,sensory,motorneuron
20346,OLLR,SMDDR,1.0,sensory,motorneuron
20347,OLLR,SMDVL,11.0,sensory,motorneuron
20348,OLLR,SMDVR,4.0,sensory,motorneuron
20503,OLQDL,CEPDL,3.0,sensory,sensory
20507,OLQDL,URYDL,3.0,sensory,sensory
20527,OLQDL,RIH,3.0,sensory,interneuron
20571,OLQDL,RICR,6.0,sensory,interneuron
20608,OLQDL,RMEL,2.0,sensory,motorneuron
20610,OLQDL,RMED,1.0,sensory,motorneuron
20612,OLQDL,RMDDL,1.0,sensory,motorneuron
20613,OLQDL,RMDDR,10.0,sensory,motorneuron
20620,OLQDL,RMHL,1.0,sensory,motorneuron
20635,OLQDL,SIBVL,10.0,sensory,motorneuron
20798,OLQDR,IL1DR,1.0,sensory,sensory
20807,OLQDR,RIH,2.0,sensory,interneuron
20850,OLQDR,RICL,2.0,sensory,interneuron
20851,OLQDR,RICR,2.0,sensory,interneuron
20889,OLQDR,RMER,1.0,sensory,motorneuron
20892,OLQDR,RMDDL,11.0,sensory,motorneuron
20901,OLQDR,RMHR,3.0,sensory,motorneuron
20916,OLQDR,SIBVR,6.0,sensory,motorneuron
21059,OLQVL,IL2L,1.0,sensory,sensory
21130,OLQVL,RICL,4.0,sensory,interneuron
21143,OLQVL,AVDR,1.0,sensory,interneuron
21158,OLQVL,AVAL,1.0,sensory,interneuron
21177,OLQVL,RMDVR,14.0,sensory,motorneuron
21180,OLQVL,RMHL,2.0,sensory,motorneuron
21193,OLQVL,SIBDL,13.0,sensory,motorneuron
21199,OLQVL,SIAVL,9.0,sensory,motorneuron
21362,OLQVR,IL1VR,2.0,sensory,sensory
21367,OLQVR,RIH,18.0,sensory,interneuron
21411,OLQVR,RICR,3.0,sensory,interneuron
21443,OLQVR,RIPR,18.0,sensory,interneuron
21449,OLQVR,RMER,2.0,sensory,motorneuron
21456,OLQVR,RMDVL,18.0,sensory,motorneuron
21461,OLQVR,RMHR,1.0,sensory,motorneuron
21474,OLQVR,SIBDR,18.0,sensory,motorneuron
21617,IL1DL,IL2DL,1.0,sensory,sensory
21722,IL1DL,RIPL,11.0,sensory,interneuron
21724,IL1DL,URADL,10.0,sensory,motorneuron
21728,IL1DL,RMEL,1.0,sensory,motorneuron
21733,IL1DL,RMDDR,3.0,sensory,motorneuron
21736,IL1DL,RMDVL,3.0,sensory,motorneuron
21898,IL1DR,IL2DR,5.0,sensory,sensory
21908,IL1DR,URYDR,2.0,sensory,sensory
21912,IL1DR,OLLR,1.0,sensory,sensory
21918,IL1DR,IL1DR,1.0,sensory,sensory
21920,IL1DR,IL1R,2.0,sensory,sensory
21949,IL1DR,PVR,5.0,sensory,interneuron
22003,IL1DR,RIPR,28.0,sensory,interneuron
22005,IL1DR,URADR,8.0,sensory,motorneuron
22012,IL1DR,RMDDL,11.0,sensory,motorneuron
22017,IL1DR,RMDVR,32.0,sensory,motorneuron
22167,IL1L,ADEL,3.0,sensory,sensory
22179,IL1L,IL2L,1.0,sensory,sensory
22191,IL1L,OLLL,1.0,sensory,sensory
22208,IL1L,URBL,1.0,sensory,interneuron
22246,IL1L,RMGL,1.0,sensory,interneuron
22272,IL1L,AVER,5.0,sensory,interneuron
22286,IL1L,URAVL,4.0,sensory,motorneuron
22289,IL1L,RMER,4.0,sensory,motorneuron
22292,IL1L,RMDDL,20.0,sensory,motorneuron
22295,IL1L,RMDR,9.0,sensory,motorneuron
22296,IL1L,RMDVL,22.0,sensory,motorneuron
22297,IL1L,RMDVR,5.0,sensory,motorneuron
22427,IL1R,URXR,1.0,sensory,sensory
22472,IL1R,OLLR,1.0,sensory,sensory
22551,IL1R,AVEL,2.0,sensory,interneuron
22552,IL1R,AVER,5.0,sensory,interneuron
22568,IL1R,RMEL,5.0,sensory,motorneuron
22572,IL1R,RMDDL,8.0,sensory,motorneuron
22573,IL1R,RMDDR,12.0,sensory,motorneuron
22574,IL1R,RMDL,11.0,sensory,motorneuron
22575,IL1R,RMDR,4.0,sensory,motorneuron
22576,IL1R,RMDVL,8.0,sensory,motorneuron
22577,IL1R,RMDVR,17.0,sensory,motorneuron
22580,IL1R,RMHL,3.0,sensory,motorneuron
22749,IL1VL,URYVL,4.0,sensory,sensory
22755,IL1VL,OLQVL,2.0,sensory,sensory
22759,IL1VL,IL1L,3.0,sensory,sensory
22761,IL1VL,IL1VL,5.0,sensory,sensory
22824,IL1VL,AVL,1.0,sensory,interneuron
22842,IL1VL,RIPL,13.0,sensory,interneuron
22846,IL1VL,URAVL,4.0,sensory,motorneuron
22852,IL1VL,RMDDL,30.0,sensory,motorneuron
22857,IL1VL,RMDVR,3.0,sensory,motorneuron
22860,IL1VL,RMHL,1.0,sensory,motorneuron
23022,IL1VR,IL2VR,2.0,sensory,sensory
23032,IL1VR,OLLR,1.0,sensory,sensory
23036,IL1VR,OLQVR,5.0,sensory,sensory
23040,IL1VR,IL1R,4.0,sensory,sensory
23123,IL1VR,RIPR,16.0,sensory,interneuron
23127,IL1VR,URAVR,4.0,sensory,motorneuron
23133,IL1VR,RMDDR,40.0,sensory,motorneuron
23136,IL1VR,RMDVL,5.0,sensory,motorneuron
23240,AINL,ASIL,11.0,interneuron,sensory
23247,AINL,ASGR,1.0,interneuron,sensory
23250,AINL,ASEL,1.0,interneuron,sensory
23255,AINL,AFDR,10.0,interneuron,sensory
23264,AINL,BAGL,5.0,interneuron,sensory
23334,AINL,AIAR,1.0,interneuron,interneuron
23336,AINL,AUAR,2.0,interneuron,interneuron
23362,AINL,RIBL,2.0,interneuron,interneuron
23363,AINL,RIBR,3.0,interneuron,interneuron
23374,AINL,SAAVL,3.0,interneuron,interneuron
23393,AINL,RMFL,1.0,interneuron,interneuron
23395,AINL,RID,2.0,interneuron,interneuron
23416,AINL,RMDVL,3.0,interneuron,motorneuron
23526,AINR,ASGL,1.0,interneuron,sensory
23530,AINR,ASEL,1.0,interneuron,sensory
23531,AINR,ASER,3.0,interneuron,sensory
23534,AINR,AFDL,9.0,interneuron,sensory
23535,AINR,AFDR,3.0,interneuron,sensory
23536,AINR,AWCL,2.0,interneuron,sensory
23545,AINR,BAGR,9.0,interneuron,sensory
23546,AINR,URXL,2.0,interneuron,sensory
23547,AINR,URXR,2.0,interneuron,sensory
23583,AINR,CEPDL,2.0,interneuron,sensory
23603,AINR,AINL,1.0,interneuron,interneuron
23604,AINR,AINR,1.0,interneuron,interneuron
23613,AINR,AIAL,2.0,interneuron,interneuron
23615,AINR,AUAL,1.0,interneuron,interneuron
23616,AINR,AUAR,2.0,interneuron,interneuron
23642,AINR,RIBL,8.0,interneuron,interneuron
23648,AINR,AIBL,2.0,interneuron,interneuron
23675,AINR,RID,2.0,interneuron,interneuron
23802,AIML,ASJL,2.0,interneuron,sensory
23806,AIML,ASGL,8.0,interneuron,sensory
23818,AIML,ASKL,7.0,interneuron,sensory
23826,AIML,URXL,1.0,interneuron,sensory
23836,AIML,ALML,1.0,interneuron,sensory
23863,AIML,CEPDL,3.0,interneuron,sensory
23893,AIML,AIAL,11.0,interneuron,interneuron
23901,AIML,PVQL,1.0,interneuron,interneuron
23905,AIML,RIFL,2.0,interneuron,interneuron
23910,AIML,AVFL,5.0,interneuron,interneuron
23911,AIML,AVFR,4.0,interneuron,interneuron
23912,AIML,AVHL,2.0,interneuron,interneuron
23913,AIML,AVHR,1.0,interneuron,interneuron
23926,AIML,RMGL,3.0,interneuron,interneuron
23939,AIML,AVJL,1.0,interneuron,interneuron
23942,AIML,AVDL,1.0,interneuron,interneuron
23955,AIML,RID,2.0,interneuron,interneuron
23991,AIML,SMBVL,4.0,interneuron,motorneuron
24083,AIMR,ASJR,4.0,interneuron,sensory
24087,AIMR,ASGR,6.0,interneuron,sensory
24093,AIMR,ADFR,2.0,interneuron,sensory
24099,AIMR,ASKR,4.0,interneuron,sensory
24107,AIMR,URXR,5.0,interneuron,sensory
24146,AIMR,CEPVR,1.0,interneuron,sensory
24154,AIMR,OLQDR,1.0,interneuron,sensory
24166,AIMR,AIMR,1.0,interneuron,interneuron
24174,AIMR,AIAR,10.0,interneuron,interneuron
24180,AIMR,ALA,2.0,interneuron,interneuron
24186,AIMR,RIFR,3.0,interneuron,interneuron
24188,AIMR,BDUR,2.0,interneuron,interneuron
24190,AIMR,AVFL,3.0,interneuron,interneuron
24191,AIMR,AVFR,4.0,interneuron,interneuron
24193,AIMR,AVHR,2.0,interneuron,interneuron
24199,AIMR,PVNR,1.0,interneuron,interneuron
24207,AIMR,RMGR,4.0,interneuron,interneuron
24220,AIMR,AVJR,1.0,interneuron,interneuron
24223,AIMR,AVDR,2.0,interneuron,interneuron
24239,AIMR,AVAR,1.0,interneuron,interneuron
24255,AIMR,RMDR,1.0,interneuron,motorneuron
24352,AIMR,HSNL,3.0,interneuron,motorneuron
24353,AIMR,HSNR,3.0,interneuron,motorneuron
24373,RIH,ADFR,3.0,interneuron,sensory
24384,RIH,BAGL,2.0,interneuron,sensory
24385,RIH,BAGR,5.0,interneuron,sensory
24419,RIH,IL2L,2.0,interneuron,sensory
24420,RIH,IL2R,3.0,interneuron,sensory
24421,RIH,IL2VL,4.0,interneuron,sensory
24422,RIH,IL2VR,5.0,interneuron,sensory
24423,RIH,CEPDL,6.0,interneuron,sensory
24425,RIH,CEPVL,3.0,interneuron,sensory
24426,RIH,CEPVR,6.0,interneuron,sensory
24430,RIH,URYVR,4.0,interneuron,sensory
24433,RIH,OLQDL,11.0,interneuron,sensory
24434,RIH,OLQDR,7.0,interneuron,sensory
24435,RIH,OLQVL,13.0,interneuron,sensory
24436,RIH,OLQVR,7.0,interneuron,sensory
24451,RIH,AIYL,3.0,interneuron,interneuron
24452,RIH,AIYR,4.0,interneuron,interneuron
24456,RIH,AUAR,2.0,interneuron,interneuron
24457,RIH,AIZL,12.0,interneuron,interneuron
24458,RIH,AIZR,19.0,interneuron,interneuron
24482,RIH,RIBL,18.0,interneuron,interneuron
24483,RIH,RIBR,15.0,interneuron,interneuron
24507,RIH,RIAL,34.0,interneuron,interneuron
24508,RIH,RIAR,36.0,interneuron,interneuron
24522,RIH,RIPL,18.0,interneuron,interneuron
24523,RIH,RIPR,7.0,interneuron,interneuron
24527,RIH,URAVR,1.0,interneuron,motorneuron
24529,RIH,RMER,6.0,interneuron,motorneuron
24531,RIH,RMEV,10.0,interneuron,motorneuron
24666,URBL,URXL,26.0,interneuron,sensory
24703,URBL,CEPDL,2.0,interneuron,sensory
24707,URBL,URYDL,1.0,interneuron,sensory
24711,URBL,OLLL,1.0,interneuron,sensory
24719,URBL,IL1L,10.0,interneuron,sensory
24728,URBL,URBL,1.0,interneuron,interneuron
24743,URBL,ADAL,3.0,interneuron,interneuron
24749,URBL,PVR,1.0,interneuron,interneuron
24770,URBL,RICL,1.0,interneuron,interneuron
24771,URBL,RICR,1.0,interneuron,interneuron
24796,URBL,AVBL,1.0,interneuron,interneuron
24813,URBL,RMDDR,2.0,interneuron,motorneuron
24821,URBL,RMHR,5.0,interneuron,motorneuron
24830,URBL,SMBDR,3.0,interneuron,motorneuron
24838,URBL,SIADR,2.0,interneuron,motorneuron
24839,URBL,SIAVL,2.0,interneuron,motorneuron
24943,URBR,ADLR,2.0,interneuron,sensory
24947,URBR,URXR,16.0,interneuron,sensory
24968,URBR,ADER,1.0,interneuron,sensory
24980,URBR,IL2R,3.0,interneuron,sensory
24984,URBR,CEPDR,1.0,interneuron,sensory
24986,URBR,CEPVR,4.0,interneuron,sensory
24992,URBR,OLLR,1.0,interneuron,sensory
24994,URBR,OLQDR,2.0,interneuron,sensory
24998,URBR,IL1DR,2.0,interneuron,sensory
25000,URBR,IL1R,5.0,interneuron,sensory
25024,URBR,ADAR,5.0,interneuron,interneuron
25047,URBR,RMGR,8.0,interneuron,interneuron
25050,URBR,RICL,1.0,interneuron,interneuron
25051,URBR,RICR,1.0,interneuron,interneuron
25062,URBR,AVDL,1.0,interneuron,interneuron
25077,URBR,AVBR,1.0,interneuron,interneuron
25094,URBR,RMDL,1.0,interneuron,motorneuron
25095,URBR,RMDR,1.0,interneuron,motorneuron
25109,URBR,SMBDL,4.0,interneuron,motorneuron
25112,URBR,SMBVR,1.0,interneuron,motorneuron
25114,URBR,SIBDR,2.0,interneuron,motorneuron
25116,URBR,SIBVR,2.0,interneuron,motorneuron
25117,URBR,SIADL,3.0,interneuron,motorneuron
25120,URBR,SIAVR,3.0,interneuron,motorneuron
25209,RIR,AWBR,1.0,interneuron,sensory
25212,RIR,ADFL,1.0,interneuron,sensory
25213,RIR,ADFR,4.0,interneuron,sensory
25215,RIR,AFDR,1.0,interneuron,sensory
25220,RIR,ASHL,1.0,interneuron,sensory
25221,RIR,ASHR,1.0,interneuron,sensory
25225,RIR,BAGR,1.0,interneuron,sensory
25226,RIR,URXL,9.0,interneuron,sensory
25227,RIR,URXR,6.0,interneuron,sensory
25234,RIR,AQR,2.0,interneuron,sensory
25244,RIR,DVA,9.0,interneuron,sensory
25286,RIR,AIMR,1.0,interneuron,interneuron
25295,RIR,AUAL,7.0,interneuron,interneuron
25297,RIR,AIZL,12.0,interneuron,interneuron
25298,RIR,AIZR,15.0,interneuron,interneuron
25304,RIR,ADAR,1.0,interneuron,interneuron
25314,RIR,PVPL,2.0,interneuron,interneuron
25315,RIR,PVPR,1.0,interneuron,interneuron
25324,RIR,RIGL,2.0,interneuron,interneuron
25325,RIR,RIGR,4.0,interneuron,interneuron
25326,RIR,RMGL,1.0,interneuron,interneuron
25327,RIR,RMGR,1.0,interneuron,interneuron
25347,RIR,RIAL,11.0,interneuron,interneuron
25348,RIR,RIAR,4.0,interneuron,interneuron
25351,RIR,AVEL,4.0,interneuron,interneuron
25472,RIR,HSNL,1.0,interneuron,motorneuron
25484,AIYL,AWAL,14.0,interneuron,sensory
25491,AIYL,ASER,1.0,interneuron,sensory
25494,AIYL,AFDL,2.0,interneuron,sensory
25496,AIYL,AWCL,5.0,interneuron,sensory
25497,AIYL,AWCR,3.0,interneuron,sensory
25567,AIYL,RIH,1.0,interneuron,interneuron
25570,AIYL,RIR,1.0,interneuron,interneuron
25577,AIYL,AIZL,67.0,interneuron,interneuron
25602,AIYL,RIBL,42.0,interneuron,interneuron
25608,AIYL,AIBL,3.0,interneuron,interneuron
25627,AIYL,RIAL,51.0,interneuron,interneuron
25753,AIYL,HSNR,1.0,interneuron,motorneuron
25765,AIYR,AWAR,1.0,interneuron,sensory
25767,AIYR,ASGR,2.0,interneuron,sensory
25769,AIYR,AWBR,1.0,interneuron,sensory
25770,AIYR,ASEL,2.0,interneuron,sensory
25771,AIYR,ASER,4.0,interneuron,sensory
25773,AIYR,ADFR,1.0,interneuron,sensory
25775,AIYR,AFDR,1.0,interneuron,sensory
25785,AIYR,BAGR,1.0,interneuron,sensory
25843,AIYR,AINL,1.0,interneuron,interneuron
25851,AIYR,AIYL,7.0,interneuron,interneuron
25858,AIYR,AIZR,70.0,interneuron,interneuron
25883,AIYR,RIBR,60.0,interneuron,interneuron
25908,AIYR,RIAR,50.0,interneuron,interneuron
25939,AIYR,RIVR,1.0,interneuron,motorneuron
26042,AIAL,ASJL,4.0,interneuron,sensory
26046,AIAL,ASGL,1.0,interneuron,sensory
26050,AIAL,ASEL,5.0,interneuron,sensory
26051,AIAL,ASER,10.0,interneuron,sensory
26052,AIAL,ADFL,2.0,interneuron,sensory
26056,AIAL,AWCL,1.0,interneuron,sensory
26057,AIAL,AWCR,6.0,interneuron,sensory
26058,AIAL,ASKL,9.0,interneuron,sensory
26060,AIAL,ASHL,1.0,interneuron,sensory
26062,AIAL,ADLL,1.0,interneuron,sensory
26125,AIAL,AIML,6.0,interneuron,interneuron
26130,AIAL,RIR,2.0,interneuron,interneuron
26137,AIAL,AIZL,4.0,interneuron,interneuron
26141,AIAL,PVQL,1.0,interneuron,interneuron
26143,AIAL,ADAL,1.0,interneuron,interneuron
26145,AIAL,RIFL,10.0,interneuron,interneuron
26166,AIAL,RMGL,2.0,interneuron,interneuron
26168,AIAL,AIBL,35.0,interneuron,interneuron
26321,AIAR,ASIR,2.0,interneuron,sensory
26325,AIAR,AWAR,4.0,interneuron,sensory
26327,AIAR,ASGR,5.0,interneuron,sensory
26331,AIAR,ASER,5.0,interneuron,sensory
26336,AIAR,AWCL,6.0,interneuron,sensory
26337,AIAR,AWCR,6.0,interneuron,sensory
26339,AIAR,ASKR,1.0,interneuron,sensory
26343,AIAR,ADLR,10.0,interneuron,sensory
26414,AIAR,AIAR,1.0,interneuron,interneuron
26418,AIAR,AIZR,2.0,interneuron,interneuron
26424,AIAR,ADAR,4.0,interneuron,interneuron
26426,AIAR,RIFR,10.0,interneuron,interneuron
26449,AIAR,AIBR,33.0,interneuron,interneuron
26612,AUAL,ADFL,1.0,interneuron,sensory
26625,AUAL,BAGR,3.0,interneuron,sensory
26626,AUAL,URXL,1.0,interneuron,sensory
26644,AUAL,DVA,2.0,interneuron,sensory
26691,AUAL,AIYL,1.0,interneuron,interneuron
26697,AUAL,AIZL,2.0,interneuron,interneuron
26722,AUAL,RIBL,35.0,interneuron,interneuron
26729,AUAL,AIBR,1.0,interneuron,interneuron
26743,AUAL,AVDR,2.0,interneuron,interneuron
26747,AUAL,RIAL,21.0,interneuron,interneuron
26751,AUAL,AVEL,9.0,interneuron,interneuron
26758,AUAL,AVAL,11.0,interneuron,interneuron
26904,AUAR,BAGL,1.0,interneuron,sensory
26907,AUAR,URXR,5.0,interneuron,sensory
26963,AUAR,AINL,1.0,interneuron,interneuron
26964,AUAR,AINR,1.0,interneuron,interneuron
26972,AUAR,AIYR,1.0,interneuron,interneuron
26978,AUAR,AIZR,2.0,interneuron,interneuron
27003,AUAR,RIBR,31.0,interneuron,interneuron
27028,AUAR,RIAR,22.0,interneuron,interneuron
27032,AUAR,AVER,13.0,interneuron,interneuron
27039,AUAR,AVAR,3.0,interneuron,interneuron
27170,AIZL,ASEL,4.0,interneuron,sensory
27172,AIZL,ADFL,1.0,interneuron,sensory
27174,AIZL,AFDL,1.0,interneuron,sensory
27177,AIZL,AWCR,2.0,interneuron,sensory
27204,AIZL,DVA,1.0,interneuron,sensory
27227,AIZL,URYDL,3.0,interneuron,sensory
27253,AIZL,AIAL,12.0,interneuron,interneuron
27284,AIZL,RIGL,4.0,interneuron,interneuron
27288,AIZL,AIBL,10.0,interneuron,interneuron
27289,AIZL,AIBR,53.0,interneuron,interneuron
27291,AIZL,RICR,11.0,interneuron,interneuron
27297,AIZL,AVKR,4.0,interneuron,interneuron
27307,AIZL,RIAL,29.0,interneuron,interneuron
27309,AIZL,RIML,35.0,interneuron,interneuron
27311,AIZL,AVEL,3.0,interneuron,interneuron
27312,AIZL,AVER,26.0,interneuron,interneuron
27347,AIZL,SMDVL,3.0,interneuron,motorneuron
27349,AIZL,SMBDL,24.0,interneuron,motorneuron
27351,AIZL,SMBVL,21.0,interneuron,motorneuron
27445,AIZR,AWAR,1.0,interneuron,sensory
27451,AIZR,ASER,2.0,interneuron,sensory
27453,AIZR,ADFR,1.0,interneuron,sensory
27457,AIZR,AWCR,2.0,interneuron,sensory
27484,AIZR,DVA,3.0,interneuron,sensory
27534,AIZR,AIAR,5.0,interneuron,interneuron
27568,AIZR,AIBL,50.0,interneuron,interneuron
27569,AIZR,AIBR,3.0,interneuron,interneuron
27588,AIZR,RIAR,25.0,interneuron,interneuron
27590,AIZR,RIMR,34.0,interneuron,interneuron
27591,AIZR,AVEL,28.0,interneuron,interneuron
27592,AIZR,AVER,1.0,interneuron,interneuron
27626,AIZR,SMDDR,4.0,interneuron,motorneuron
27630,AIZR,SMBDR,17.0,interneuron,motorneuron
27632,AIZR,SMBVR,10.0,interneuron,motorneuron
27638,AIZR,SIADR,1.0,interneuron,motorneuron
27783,RIS,CEPDL,4.0,interneuron,sensory
27784,RIS,CEPDR,1.0,interneuron,sensory
27785,RIS,CEPVL,7.0,interneuron,sensory
27786,RIS,CEPVR,4.0,interneuron,sensory
27788,RIS,URYDR,1.0,interneuron,sensory
27790,RIS,URYVR,5.0,interneuron,sensory
27792,RIS,OLLR,5.0,interneuron,sensory
27819,RIS,RIS,3.0,interneuron,interneuron
27842,RIS,RIBL,8.0,interneuron,interneuron
27843,RIS,RIBR,18.0,interneuron,interneuron
27856,RIS,AVKL,6.0,interneuron,interneuron
27857,RIS,AVKR,13.0,interneuron,interneuron
27864,RIS,AVL,9.0,interneuron,interneuron
27869,RIS,RIML,10.0,interneuron,interneuron
27870,RIS,RIMR,15.0,interneuron,interneuron
27871,RIS,AVEL,17.0,interneuron,interneuron
27872,RIS,AVER,18.0,interneuron,interneuron
27891,RIS,RMEV,3.0,interneuron,motorneuron
27892,RIS,RMDDL,1.0,interneuron,motorneuron
27893,RIS,RMDDR,1.0,interneuron,motorneuron
27894,RIS,RMDL,10.0,interneuron,motorneuron
27895,RIS,RMDR,16.0,interneuron,motorneuron
27905,RIS,SMDDL,1.0,interneuron,motorneuron
27906,RIS,SMDDR,6.0,interneuron,motorneuron
27907,RIS,SMDVL,1.0,interneuron,motorneuron
27908,RIS,SMDVR,1.0,interneuron,motorneuron
28003,ALA,ASJR,4.0,interneuron,sensory
28143,ALA,AVDR,1.0,interneuron,interneuron
28148,ALA,RIAR,2.0,interneuron,interneuron
28151,ALA,AVEL,8.0,interneuron,interneuron
28152,ALA,AVER,4.0,interneuron,interneuron
28175,ALA,RMDR,3.0,interneuron,motorneuron
28282,PVQL,ASJL,3.0,interneuron,sensory
28284,PVQL,AWAL,1.0,interneuron,sensory
28298,PVQL,ASKL,12.0,interneuron,sensory
28373,PVQL,AIAL,10.0,interneuron,interneuron
28393,PVQL,AVHR,1.0,interneuron,interneuron
28394,PVQL,PVPL,1.0,interneuron,interneuron
28406,PVQL,RMGL,1.0,interneuron,interneuron
28552,PVQL,HSNL,3.0,interneuron,motorneuron
28553,PVQL,HSNR,6.0,interneuron,motorneuron
28562,PVQR,ASJL,1.0,interneuron,sensory
28565,PVQR,AWAR,4.0,interneuron,sensory
28571,PVQR,ASER,2.0,interneuron,sensory
28579,PVQR,ASKR,6.0,interneuron,sensory
28646,PVQR,AIMR,2.0,interneuron,interneuron
28653,PVQR,AIAL,1.0,interneuron,interneuron
28654,PVQR,AIAR,12.0,interneuron,interneuron
28666,PVQR,RIFR,4.0,interneuron,interneuron
28671,PVQR,AVFR,1.0,interneuron,interneuron
28687,PVQR,RMGR,1.0,interneuron,interneuron
28698,PVQR,DVC,1.0,interneuron,interneuron
28701,PVQR,PVT,1.0,interneuron,interneuron
28704,PVQR,AVL,2.0,interneuron,interneuron
28717,PVQR,AVBR,1.0,interneuron,interneuron
28862,ADAL,ADLL,2.0,interneuron,sensory
28866,ADAL,URXL,2.0,interneuron,sensory
28933,ADAL,AIAL,2.0,interneuron,interneuron
28943,ADAL,ADAL,6.0,interneuron,interneuron
28954,ADAL,PVPL,1.0,interneuron,interneuron
28968,ADAL,AIBL,2.0,interneuron,interneuron
28969,ADAL,AIBR,2.0,interneuron,interneuron
28970,ADAL,RICL,3.0,interneuron,interneuron
28971,ADAL,RICR,1.0,interneuron,interneuron
28980,ADAL,AVJR,11.0,interneuron,interneuron
28982,ADAL,AVDL,1.0,interneuron,interneuron
28983,ADAL,AVDR,2.0,interneuron,interneuron
28989,ADAL,RIML,9.0,interneuron,interneuron
28991,ADAL,AVEL,3.0,interneuron,interneuron
28996,ADAL,AVBL,5.0,interneuron,interneuron
28997,ADAL,AVBR,21.0,interneuron,interneuron
28998,ADAL,AVAL,3.0,interneuron,interneuron
28999,ADAL,AVAR,7.0,interneuron,interneuron
29002,ADAL,RIPL,4.0,interneuron,interneuron
29006,ADAL,URAVL,1.0,interneuron,motorneuron
29028,ADAL,SMDVR,3.0,interneuron,motorneuron
29141,ADAR,ASHR,2.0,interneuron,sensory
29147,ADAR,URXR,2.0,interneuron,sensory
29188,ADAR,URYDR,2.0,interneuron,sensory
29226,ADAR,RIFR,1.0,interneuron,interneuron
29229,ADAR,PVR,6.0,interneuron,interneuron
29248,ADAR,AIBL,1.0,interneuron,interneuron
29249,ADAR,AIBR,3.0,interneuron,interneuron
29259,ADAR,AVJL,13.0,interneuron,interneuron
29262,ADAR,AVDL,2.0,interneuron,interneuron
29263,ADAR,AVDR,3.0,interneuron,interneuron
29270,ADAR,RIMR,15.0,interneuron,interneuron
29271,ADAR,AVEL,1.0,interneuron,interneuron
29276,ADAR,AVBL,8.0,interneuron,interneuron
29277,ADAR,AVBR,15.0,interneuron,interneuron
29279,ADAR,AVAR,8.0,interneuron,interneuron
29283,ADAR,RIPR,9.0,interneuron,interneuron
29299,ADAR,RIVR,5.0,interneuron,motorneuron
29307,ADAR,SMDVL,1.0,interneuron,motorneuron
29436,RIFL,ALML,5.0,interneuron,sensory
29513,RIFL,AVHR,1.0,interneuron,interneuron
29514,RIFL,PVPL,8.0,interneuron,interneuron
29540,RIFL,AVJR,8.0,interneuron,interneuron
29549,RIFL,RIML,7.0,interneuron,interneuron
29556,RIFL,AVBL,26.0,interneuron,interneuron
29557,RIFL,AVBR,1.0,interneuron,interneuron
29689,RIFR,AWBR,2.0,interneuron,sensory
29701,RIFR,ASHR,6.0,interneuron,sensory
29703,RIFR,ADLR,1.0,interneuron,sensory
29707,RIFR,URXR,3.0,interneuron,sensory
29746,RIFR,CEPVR,2.0,interneuron,sensory
29777,RIFR,AIZL,1.0,interneuron,interneuron
29785,RIFR,RIFL,1.0,interneuron,interneuron
29790,RIFR,AVFL,1.0,interneuron,interneuron
29795,RIFR,PVPR,6.0,interneuron,interneuron
29819,RIFR,AVJL,2.0,interneuron,interneuron
29820,RIFR,AVJR,2.0,interneuron,interneuron
29828,RIFR,RIAR,1.0,interneuron,interneuron
29830,RIFR,RIMR,10.0,interneuron,interneuron
29836,RIFR,AVBL,1.0,interneuron,interneuron
29837,RIFR,AVBR,35.0,interneuron,interneuron
29840,RIFR,PVCL,1.0,interneuron,interneuron
29841,RIFR,PVCR,1.0,interneuron,interneuron
29843,RIFR,RIPR,2.0,interneuron,interneuron
29952,RIFR,HSNL,2.0,interneuron,motorneuron
29953,RIFR,HSNR,3.0,interneuron,motorneuron
29996,BDUL,ALML,1.0,interneuron,sensory
30007,BDUL,ADEL,6.0,interneuron,sensory
30063,BDUL,ADAL,2.0,interneuron,interneuron
30065,BDUL,RIFL,2.0,interneuron,interneuron
30072,BDUL,AVHL,2.0,interneuron,interneuron
30078,BDUL,PVNL,2.0,interneuron,interneuron
30079,BDUL,PVNR,4.0,interneuron,interneuron
30086,BDUL,RMGL,3.0,interneuron,interneuron
30092,BDUL,SAADL,3.0,interneuron,interneuron
30100,BDUL,AVJR,2.0,interneuron,interneuron
30124,BDUL,URADL,3.0,interneuron,motorneuron
30232,BDUL,HSNL,3.0,interneuron,motorneuron
30272,BDUR,SDQL,2.0,interneuron,sensory
30277,BDUR,ALMR,4.0,interneuron,sensory
30288,BDUR,ADER,4.0,interneuron,sensory
30306,BDUR,CEPVR,1.0,interneuron,sensory
30352,BDUR,AVHL,2.0,interneuron,interneuron
30358,BDUR,PVNL,11.0,interneuron,interneuron
30359,BDUR,PVNR,5.0,interneuron,interneuron
30379,BDUR,AVJL,5.0,interneuron,interneuron
30397,BDUR,AVBR,1.0,interneuron,interneuron
30398,BDUR,AVAL,7.0,interneuron,interneuron
30400,BDUR,PVCL,3.0,interneuron,interneuron
30405,BDUR,URADR,3.0,interneuron,motorneuron
30513,BDUR,HSNR,8.0,interneuron,motorneuron
30553,PVR,SDQR,5.0,interneuron,sensory
30557,PVR,ALMR,2.0,interneuron,sensory
30564,PVR,DVA,2.0,interneuron,sensory
30586,PVR,CEPVR,2.0,interneuron,sensory
30598,PVR,IL1DR,5.0,interneuron,sensory
30601,PVR,IL1VL,9.0,interneuron,sensory
30602,PVR,IL1VR,9.0,interneuron,sensory
30624,PVR,ADAR,1.0,interneuron,interneuron
30629,PVR,PVR,1.0,interneuron,interneuron
30656,PVR,AVKL,1.0,interneuron,interneuron
30659,PVR,AVJL,11.0,interneuron,interneuron
30660,PVR,AVJR,5.0,interneuron,interneuron
30676,PVR,AVBL,17.0,interneuron,interneuron
30677,PVR,AVBR,17.0,interneuron,interneuron
30680,PVR,PVCL,4.0,interneuron,interneuron
30682,PVR,RIPL,16.0,interneuron,interneuron
30683,PVR,RIPR,19.0,interneuron,interneuron
30684,PVR,URADL,3.0,interneuron,motorneuron
30885,AVFL,AIML,1.0,interneuron,interneuron
30901,AVFL,PVQL,1.0,interneuron,interneuron
30902,AVFL,PVQR,1.0,interneuron,interneuron
30905,AVFL,RIFL,1.0,interneuron,interneuron
30906,AVFL,RIFR,1.0,interneuron,interneuron
30911,AVFL,AVFR,12.0,interneuron,interneuron
30912,AVFL,AVHL,4.0,interneuron,interneuron
30913,AVFL,AVHR,1.0,interneuron,interneuron
30918,AVFL,PVNL,1.0,interneuron,interneuron
30939,AVFL,AVJL,2.0,interneuron,interneuron
30944,AVFL,AVL,5.0,interneuron,interneuron
30956,AVFL,AVBL,4.0,interneuron,interneuron
30957,AVFL,AVBR,1.0,interneuron,interneuron
30991,AVFL,SMBVL,1.0,interneuron,motorneuron
31072,AVFL,HSNL,2.0,interneuron,motorneuron
31073,AVFL,HSNR,3.0,interneuron,motorneuron
31101,AVFR,ASHR,1.0,interneuron,sensory
31165,AVFR,AIML,1.0,interneuron,interneuron
31173,AVFR,AIAL,1.0,interneuron,interneuron
31181,AVFR,PVQL,2.0,interneuron,interneuron
31190,AVFR,AVFL,7.0,interneuron,interneuron
31192,AVFR,AVHL,3.0,interneuron,interneuron
31193,AVFR,AVHR,3.0,interneuron,interneuron
31195,AVFR,PVPR,1.0,interneuron,interneuron
31206,AVFR,RMGL,1.0,interneuron,interneuron
31219,AVFR,AVJL,5.0,interneuron,interneuron
31220,AVFR,AVJR,1.0,interneuron,interneuron
31236,AVFR,AVBL,6.0,interneuron,interneuron
31237,AVFR,AVBR,6.0,interneuron,interneuron
31238,AVFR,AVAL,1.0,interneuron,interneuron
31241,AVFR,PVCR,1.0,interneuron,interneuron
31252,AVFR,RMDDL,1.0,interneuron,motorneuron
31352,AVFR,HSNL,4.0,interneuron,motorneuron
31353,AVFR,HSNR,3.0,interneuron,motorneuron
31369,AVHL,AWBR,3.0,interneuron,sensory
31373,AVHL,ADFR,5.0,interneuron,sensory
31381,AVHL,ASHR,1.0,interneuron,sensory
31450,AVHL,RIR,2.0,interneuron,interneuron
31462,AVHL,PVQR,3.0,interneuron,interneuron
31466,AVHL,RIFR,1.0,interneuron,interneuron
31468,AVHL,BDUR,1.0,interneuron,interneuron
31470,AVHL,AVFL,1.0,interneuron,interneuron
31471,AVHL,AVFR,5.0,interneuron,interneuron
31473,AVHL,AVHR,1.0,interneuron,interneuron
31474,AVHL,PVPL,1.0,interneuron,interneuron
31475,AVHL,PVPR,2.0,interneuron,interneuron
31499,AVHL,AVJL,4.0,interneuron,interneuron
31500,AVHL,AVJR,1.0,interneuron,interneuron
31502,AVHL,AVDL,1.0,interneuron,interneuron
31510,AVHL,RIMR,1.0,interneuron,interneuron
31516,AVHL,AVBL,2.0,interneuron,interneuron
31517,AVHL,AVBR,1.0,interneuron,interneuron
31519,AVHL,AVAR,1.0,interneuron,interneuron
31550,AVHL,SMBDR,4.0,interneuron,motorneuron
31552,AVHL,SMBVR,4.0,interneuron,motorneuron
31648,AVHR,AWBL,1.0,interneuron,sensory
31659,AVHR,ASKR,1.0,interneuron,sensory
31663,AVHR,ADLR,3.0,interneuron,sensory
31674,AVHR,AQR,1.0,interneuron,sensory
31684,AVHR,DVA,1.0,interneuron,sensory
31730,AVHR,RIR,8.0,interneuron,interneuron
31750,AVHR,AVFL,2.0,interneuron,interneuron
31751,AVHR,AVFR,2.0,interneuron,interneuron
31752,AVHR,AVHL,1.0,interneuron,interneuron
31754,AVHR,PVPL,9.0,interneuron,interneuron
31764,AVHR,RIGL,1.0,interneuron,interneuron
31780,AVHR,AVJR,5.0,interneuron,interneuron
31783,AVHR,AVDR,1.0,interneuron,interneuron
31796,AVHR,AVBL,3.0,interneuron,interneuron
31797,AVHR,AVBR,1.0,interneuron,interneuron
31798,AVHR,AVAL,1.0,interneuron,interneuron
31829,AVHR,SMBDL,3.0,interneuron,motorneuron
31831,AVHR,SMBVL,1.0,interneuron,motorneuron
31954,PVPL,AQR,8.0,interneuron,sensory
32010,PVPL,RIR,1.0,interneuron,interneuron
32023,PVPL,ADAL,1.0,interneuron,interneuron
32033,PVPL,AVHR,3.0,interneuron,interneuron
32044,PVPL,RIGL,3.0,interneuron,interneuron
32063,PVPL,AVDR,3.0,interneuron,interneuron
32076,PVPL,AVBL,13.0,interneuron,interneuron
32077,PVPL,AVBR,12.0,interneuron,interneuron
32078,PVPL,AVAL,4.0,interneuron,interneuron
32079,PVPL,AVAR,3.0,interneuron,interneuron
32080,PVPL,PVCL,3.0,interneuron,interneuron
32081,PVPL,PVCR,9.0,interneuron,interneuron
32213,PVPR,ADFR,2.0,interneuron,sensory
32221,PVPR,ASHR,2.0,interneuron,sensory
32227,PVPR,URXR,1.0,interneuron,sensory
32234,PVPR,AQR,5.0,interneuron,sensory
32302,PVPR,PVQR,1.0,interneuron,interneuron
32312,PVPR,AVHL,3.0,interneuron,interneuron
32325,PVPR,RIGR,2.0,interneuron,interneuron
32338,PVPR,DVC,3.0,interneuron,interneuron
32339,PVPR,AVJL,2.0,interneuron,interneuron
32344,PVPR,AVL,4.0,interneuron,interneuron
32348,PVPR,RIAR,2.0,interneuron,interneuron
32350,PVPR,RIMR,1.0,interneuron,interneuron
32356,PVPR,AVBL,8.0,interneuron,interneuron
32357,PVPR,AVBR,11.0,interneuron,interneuron
32358,PVPR,AVAL,1.0,interneuron,interneuron
32359,PVPR,AVAR,5.0,interneuron,interneuron
32360,PVPR,PVCL,6.0,interneuron,interneuron
32361,PVPR,PVCR,13.0,interneuron,interneuron
32473,PVPR,HSNR,2.0,interneuron,motorneuron
33147,PVNL,BDUL,5.0,interneuron,interneuron
33148,PVNL,BDUR,2.0,interneuron,interneuron
33155,PVNL,PVPR,1.0,interneuron,interneuron
33159,PVNL,PVNR,9.0,interneuron,interneuron
33179,PVNL,AVJL,6.0,interneuron,interneuron
33180,PVNL,AVJR,8.0,interneuron,interneuron
33181,PVNL,PVT,6.0,interneuron,interneuron
33182,PVNL,AVDL,7.0,interneuron,interneuron
33183,PVNL,AVDR,6.0,interneuron,interneuron
33184,PVNL,AVL,1.0,interneuron,interneuron
33197,PVNL,AVBR,2.0,interneuron,interneuron
33198,PVNL,AVAL,6.0,interneuron,interneuron
33200,PVNL,PVCL,5.0,interneuron,interneuron
33346,PVNR,URXL,2.0,interneuron,sensory
33356,PVNR,ALML,2.0,interneuron,sensory
33383,PVNR,CEPDL,2.0,interneuron,sensory
33408,PVNR,URBL,2.0,interneuron,interneuron
33427,PVNR,BDUL,1.0,interneuron,interneuron
33429,PVNR,PVR,1.0,interneuron,interneuron
33439,PVNR,PVNR,1.0,interneuron,interneuron
33459,PVNR,AVJL,1.0,interneuron,interneuron
33460,PVNR,AVJR,1.0,interneuron,interneuron
33461,PVNR,PVT,3.0,interneuron,interneuron
33462,PVNR,AVDL,1.0,interneuron,interneuron
33463,PVNR,AVDR,2.0,interneuron,interneuron
33464,PVNR,AVL,3.0,interneuron,interneuron
33471,PVNR,AVEL,5.0,interneuron,interneuron
33477,PVNR,AVBR,1.0,interneuron,interneuron
33478,PVNR,AVAL,5.0,interneuron,interneuron
33481,PVNR,PVCR,2.0,interneuron,interneuron
33593,PVNR,HSNR,1.0,interneuron,motorneuron
34185,RIBL,BAGR,3.0,interneuron,sensory
34225,RIBL,CEPVL,5.0,interneuron,sensory
34227,RIBL,URYDL,3.0,interneuron,sensory
34255,RIBL,AUAL,9.0,interneuron,interneuron
34259,RIBL,RIS,5.0,interneuron,interneuron
34284,RIBL,RIGL,1.0,interneuron,interneuron
34289,RIBL,AIBR,8.0,interneuron,interneuron
34298,RIBL,DVC,1.0,interneuron,interneuron
34303,RIBL,AVDR,4.0,interneuron,interneuron
34307,RIBL,RIAL,6.0,interneuron,interneuron
34309,RIBL,RIML,1.0,interneuron,interneuron
34311,RIBL,AVEL,9.0,interneuron,interneuron
34312,RIBL,AVER,14.0,interneuron,interneuron
34317,RIBL,AVBR,1.0,interneuron,interneuron
34318,RIBL,AVAL,5.0,interneuron,interneuron
34335,RIBL,RMDR,1.0,interneuron,motorneuron
34348,RIBL,SMDVR,6.0,interneuron,motorneuron
34464,RIBR,BAGL,8.0,interneuron,sensory
34510,RIBR,URYVR,2.0,interneuron,sensory
34512,RIBR,OLLR,1.0,interneuron,sensory
34523,RIBR,AINL,1.0,interneuron,interneuron
34527,RIBR,RIH,2.0,interneuron,interneuron
34536,RIBR,AUAR,2.0,interneuron,interneuron
34538,RIBR,AIZR,2.0,interneuron,interneuron
34539,RIBR,RIS,1.0,interneuron,interneuron
34565,RIBR,RIGR,5.0,interneuron,interneuron
34568,RIBR,AIBL,3.0,interneuron,interneuron
34588,RIBR,RIAR,8.0,interneuron,interneuron
34591,RIBR,AVEL,6.0,interneuron,interneuron
34592,RIBR,AVER,4.0,interneuron,interneuron
34596,RIBR,AVBL,2.0,interneuron,interneuron
34599,RIBR,AVAR,6.0,interneuron,interneuron
34610,RIBR,RMED,1.0,interneuron,motorneuron
34617,RIBR,RMDVR,1.0,interneuron,motorneuron
34625,RIBR,SMDDL,2.0,interneuron,motorneuron
34627,RIBR,SMDVL,2.0,interneuron,motorneuron
34628,RIBR,SMDVR,2.0,interneuron,motorneuron
34732,RIGL,ADFL,1.0,interneuron,sensory
34742,RIGL,ADLL,2.0,interneuron,sensory
34745,RIGL,BAGR,3.0,interneuron,sensory
34746,RIGL,URXL,6.0,interneuron,sensory
34748,RIGL,ALNL,6.0,interneuron,sensory
34764,RIGL,DVA,1.0,interneuron,sensory
34795,RIGL,OLQVL,2.0,interneuron,sensory
34807,RIGL,RIH,2.0,interneuron,interneuron
34810,RIGL,RIR,8.0,interneuron,interneuron
34817,RIGL,AIZL,10.0,interneuron,interneuron
34818,RIGL,AIZR,2.0,interneuron,interneuron
34834,RIGL,PVPL,2.0,interneuron,interneuron
34842,RIGL,RIBL,3.0,interneuron,interneuron
34846,RIGL,RMGL,6.0,interneuron,interneuron
34849,RIGL,AIBR,4.0,interneuron,interneuron
34857,RIGL,AVKR,17.0,interneuron,interneuron
34871,RIGL,AVEL,7.0,interneuron,interneuron
34872,RIGL,AVER,1.0,interneuron,interneuron
34901,RIGL,RMHR,23.0,interneuron,motorneuron
35015,RIGR,AFDR,1.0,interneuron,sensory
35024,RIGR,BAGL,2.0,interneuron,sensory
35027,RIGR,URXR,3.0,interneuron,sensory
35029,RIGR,ALNR,3.0,interneuron,sensory
35044,RIGR,DVA,4.0,interneuron,sensory
35070,RIGR,URYVR,2.0,interneuron,sensory
35076,RIGR,OLQVR,2.0,interneuron,sensory
35090,RIGR,RIR,5.0,interneuron,interneuron
35098,RIGR,AIZR,5.0,interneuron,interneuron
35123,RIGR,RIBR,2.0,interneuron,interneuron
35128,RIGR,AIBL,2.0,interneuron,interneuron
35136,RIGR,AVKL,21.0,interneuron,interneuron
35137,RIGR,AVKR,5.0,interneuron,interneuron
35138,RIGR,DVC,2.0,interneuron,interneuron
35141,RIGR,PVT,5.0,interneuron,interneuron
35142,RIGR,AVDL,1.0,interneuron,interneuron
35148,RIGR,RIAR,3.0,interneuron,interneuron
35152,RIGR,AVER,4.0,interneuron,interneuron
35180,RIGR,RMHL,17.0,interneuron,motorneuron
35300,RMGL,ASHL,1.0,interneuron,sensory
35302,RMGL,ADLL,1.0,interneuron,sensory
35306,RMGL,URXL,3.0,interneuron,sensory
35343,RMGL,CEPDL,1.0,interneuron,sensory
35365,RMGL,AIML,3.0,interneuron,interneuron
35383,RMGL,ADAL,4.0,interneuron,interneuron
35385,RMGL,RIFL,1.0,interneuron,interneuron
35391,RMGL,AVFR,1.0,interneuron,interneuron
35394,RMGL,PVPL,1.0,interneuron,interneuron
35409,RMGL,AIBR,2.0,interneuron,interneuron
35412,RMGL,SAADL,1.0,interneuron,interneuron
35431,RMGL,AVEL,2.0,interneuron,interneuron
35435,RMGL,RID,2.0,interneuron,interneuron
35437,RMGL,AVBR,3.0,interneuron,interneuron
35438,RMGL,AVAL,3.0,interneuron,interneuron
35453,RMGL,RMDDR,1.0,interneuron,motorneuron
35454,RMGL,RMDL,2.0,interneuron,motorneuron
35455,RMGL,RMDR,16.0,interneuron,motorneuron
35456,RMGL,RMDVL,15.0,interneuron,motorneuron
35460,RMGL,RMHL,1.0,interneuron,motorneuron
35461,RMGL,RMHR,4.0,interneuron,motorneuron
35465,RMGL,SMDDL,1.0,interneuron,motorneuron
35466,RMGL,SMDDR,2.0,interneuron,motorneuron
35471,RMGL,SMBVL,2.0,interneuron,motorneuron
35474,RMGL,SIBDR,1.0,interneuron,motorneuron
35475,RMGL,SIBVL,4.0,interneuron,motorneuron
35476,RMGL,SIBVR,4.0,interneuron,motorneuron
35477,RMGL,SIADL,2.0,interneuron,motorneuron
35478,RMGL,SIADR,2.0,interneuron,motorneuron
35479,RMGL,SIAVL,4.0,interneuron,motorneuron
35581,RMGR,ASHR,1.0,interneuron,sensory
35587,RMGR,URXR,3.0,interneuron,sensory
35589,RMGR,ALNR,4.0,interneuron,sensory
35597,RMGR,ALMR,1.0,interneuron,sensory
35608,RMGR,ADER,2.0,interneuron,sensory
35620,RMGR,IL2R,2.0,interneuron,sensory
35632,RMGR,OLLR,1.0,interneuron,sensory
35646,RMGR,AIMR,2.0,interneuron,interneuron
35650,RMGR,RIR,1.0,interneuron,interneuron
35664,RMGR,ADAR,2.0,interneuron,interneuron
35685,RMGR,RIGR,2.0,interneuron,interneuron
35692,RMGR,SAADL,3.0,interneuron,interneuron
35695,RMGR,SAAVR,1.0,interneuron,interneuron
35699,RMGR,AVJL,4.0,interneuron,interneuron
35702,RMGR,AVDL,2.0,interneuron,interneuron
35712,RMGR,AVER,6.0,interneuron,interneuron
35716,RMGR,AVBL,2.0,interneuron,interneuron
35717,RMGR,AVBR,3.0,interneuron,interneuron
35718,RMGR,AVAL,1.0,interneuron,interneuron
35732,RMGR,RMDDL,1.0,interneuron,motorneuron
35734,RMGR,RMDL,20.0,interneuron,motorneuron
35735,RMGR,RMDR,7.0,interneuron,motorneuron
35737,RMGR,RMDVR,23.0,interneuron,motorneuron
35752,RMGR,SMBVR,1.0,interneuron,motorneuron
35753,RMGR,SIBDL,2.0,interneuron,motorneuron
35757,RMGR,SIADL,1.0,interneuron,motorneuron
35760,RMGR,SIAVR,2.0,interneuron,motorneuron
35860,AIBL,ASHL,1.0,interneuron,sensory
35861,AIBL,ASHR,3.0,interneuron,sensory
35882,AIBL,FLPL,1.0,interneuron,sensory
35938,AIBL,AIZR,7.0,interneuron,interneuron
35945,AIBL,RIFL,1.0,interneuron,interneuron
35963,AIBL,RIBR,16.0,interneuron,interneuron
35965,AIBL,RIGR,5.0,interneuron,interneuron
35968,AIBL,AIBL,2.0,interneuron,interneuron
35972,AIBL,SAADL,6.0,interneuron,interneuron
35973,AIBL,SAADR,10.0,interneuron,interneuron
35974,AIBL,SAAVL,3.0,interneuron,interneuron
35975,AIBL,SAAVR,1.0,interneuron,interneuron
35989,AIBL,RIML,1.0,interneuron,interneuron
35990,AIBL,RIMR,56.0,interneuron,interneuron
35991,AIBL,AVEL,1.0,interneuron,interneuron
35994,AIBL,RMFR,6.0,interneuron,interneuron
35996,AIBL,AVBL,21.0,interneuron,interneuron
35998,AIBL,AVAL,5.0,interneuron,interneuron
36026,AIBL,SMDDR,16.0,interneuron,motorneuron
36028,AIBL,SMDVR,4.0,interneuron,motorneuron
36036,AIBL,SIBVR,2.0,interneuron,motorneuron
36038,AIBL,SIADR,2.0,interneuron,motorneuron
36040,AIBL,SIAVR,2.0,interneuron,motorneuron
36137,AIBR,AWCR,1.0,interneuron,sensory
36143,AIBR,ADLR,1.0,interneuron,sensory
36154,AIBR,AQR,1.0,interneuron,sensory
36164,AIBR,DVA,1.0,interneuron,sensory
36212,AIBR,AIYR,1.0,interneuron,interneuron
36214,AIBR,AIAR,1.0,interneuron,interneuron
36215,AIBR,AUAL,1.0,interneuron,interneuron
36242,AIBR,RIBL,11.0,interneuron,interneuron
36244,AIBR,RIGL,1.0,interneuron,interneuron
36251,AIBR,RICR,1.0,interneuron,interneuron
36252,AIBR,SAADL,2.0,interneuron,interneuron
36253,AIBR,SAADR,2.0,interneuron,interneuron
36255,AIBR,SAAVR,1.0,interneuron,interneuron
36267,AIBR,RIAL,2.0,interneuron,interneuron
36269,AIBR,RIML,47.0,interneuron,interneuron
36270,AIBR,RIMR,5.0,interneuron,interneuron
36271,AIBR,AVEL,4.0,interneuron,interneuron
36273,AIBR,RMFL,1.0,interneuron,interneuron
36277,AIBR,AVBR,13.0,interneuron,interneuron
36279,AIBR,AVAR,2.0,interneuron,interneuron
36305,AIBR,SMDDL,17.0,interneuron,motorneuron
36307,AIBR,SMDVL,7.0,interneuron,motorneuron
36313,AIBR,SIBDL,1.0,interneuron,motorneuron
36314,AIBR,SIBDR,1.0,interneuron,motorneuron
36317,AIBR,SIADL,1.0,interneuron,motorneuron
36423,RICL,ADLR,2.0,interneuron,sensory
36463,RICL,CEPDL,1.0,interneuron,sensory
36465,RICL,CEPVL,2.0,interneuron,sensory
36475,RICL,OLQVL,1.0,interneuron,sensory
36489,RICL,URBR,2.0,interneuron,interneuron
36503,RICL,ADAL,1.0,interneuron,interneuron
36504,RICL,ADAR,7.0,interneuron,interneuron
36531,RICL,RICR,2.0,interneuron,interneuron
36534,RICL,SAAVL,2.0,interneuron,interneuron
36549,RICL,RIML,1.0,interneuron,interneuron
36550,RICL,RIMR,8.0,interneuron,interneuron
36554,RICL,RMFR,2.0,interneuron,interneuron
36558,RICL,AVAL,15.0,interneuron,interneuron
36559,RICL,AVAR,18.0,interneuron,interneuron
36579,RICL,RIVR,4.0,interneuron,motorneuron
36585,RICL,SMDDL,11.0,interneuron,motorneuron
36586,RICL,SMDDR,8.0,interneuron,motorneuron
36588,RICL,SMDVR,1.0,interneuron,motorneuron
36589,RICL,SMBDL,5.0,interneuron,motorneuron
36590,RICL,SMBDR,1.0,interneuron,motorneuron
36743,RICR,CEPDL,1.0,interneuron,sensory
36744,RICR,CEPDR,1.0,interneuron,sensory
36769,RICR,URBR,2.0,interneuron,interneuron
36777,RICR,AIZL,6.0,interneuron,interneuron
36784,RICR,ADAR,2.0,interneuron,interneuron
36806,RICR,RMGL,1.0,interneuron,interneuron
36808,RICR,AIBL,2.0,interneuron,interneuron
36809,RICR,AIBR,2.0,interneuron,interneuron
36810,RICR,RICL,3.0,interneuron,interneuron
36817,RICR,AVKR,1.0,interneuron,interneuron
36829,RICR,RIML,10.0,interneuron,interneuron
36830,RICR,RIMR,1.0,interneuron,interneuron
36833,RICR,RMFL,1.0,interneuron,interneuron
36838,RICR,AVAL,15.0,interneuron,interneuron
36839,RICR,AVAR,13.0,interneuron,interneuron
36858,RICR,RIVL,1.0,interneuron,motorneuron
36865,RICR,SMDDL,9.0,interneuron,motorneuron
36866,RICR,SMDDR,9.0,interneuron,motorneuron
36867,RICR,SMDVL,6.0,interneuron,motorneuron
36868,RICR,SMDVR,3.0,interneuron,motorneuron
36870,RICR,SMBDR,3.0,interneuron,motorneuron
37032,SAADL,OLLR,4.0,interneuron,sensory
37084,SAADL,RIGL,1.0,interneuron,interneuron
37088,SAADL,AIBL,1.0,interneuron,interneuron
37109,SAADL,RIML,11.0,interneuron,interneuron
37110,SAADL,RIMR,16.0,interneuron,interneuron
37114,SAADL,RMFR,1.0,interneuron,interneuron
37118,SAADL,AVAL,17.0,interneuron,interneuron
37137,SAADL,RMDVR,1.0,interneuron,motorneuron
37139,SAADL,RIVR,1.0,interneuron,motorneuron
37156,SAADL,SIBVR,1.0,interneuron,motorneuron
37271,SAADR,PLNR,1.0,interneuron,sensory
37311,SAADR,OLLL,3.0,interneuron,sensory
37366,SAADR,RMGL,1.0,interneuron,interneuron
37368,SAADR,AIBL,1.0,interneuron,interneuron
37369,SAADR,AIBR,1.0,interneuron,interneuron
37389,SAADR,RIML,14.0,interneuron,interneuron
37390,SAADR,RIMR,23.0,interneuron,interneuron
37393,SAADR,RMFL,5.0,interneuron,interneuron
37394,SAADR,RMFR,1.0,interneuron,interneuron
37398,SAADR,AVAL,1.0,interneuron,interneuron
37399,SAADR,AVAR,26.0,interneuron,interneuron
37427,SAADR,SMDVL,5.0,interneuron,motorneuron
37430,SAADR,SMBDR,2.0,interneuron,motorneuron
37432,SAADR,SMBVR,1.0,interneuron,motorneuron
37592,SAAVL,OLLR,1.0,interneuron,sensory
37648,SAAVL,AIBL,1.0,interneuron,interneuron
37669,SAAVL,RIML,5.0,interneuron,interneuron
37670,SAAVL,RIMR,33.0,interneuron,interneuron
37674,SAAVL,RMFR,11.0,interneuron,interneuron
37678,SAAVL,AVAL,56.0,interneuron,interneuron
37706,SAAVL,SMDDR,18.0,interneuron,motorneuron
37707,SAAVL,SMDVL,1.0,interneuron,motorneuron
37710,SAAVL,SMBDR,2.0,interneuron,motorneuron
37801,SAAVR,ASIR,1.0,interneuron,sensory
37829,SAAVR,ALNR,1.0,interneuron,sensory
37877,SAAVR,IL1DL,12.0,interneuron,sensory
37929,SAAVR,AIBR,1.0,interneuron,interneuron
37935,SAAVR,SAAVR,1.0,interneuron,interneuron
37948,SAAVR,RIAR,1.0,interneuron,interneuron
37949,SAAVR,RIML,12.0,interneuron,interneuron
37950,SAAVR,RIMR,7.0,interneuron,interneuron
37956,SAAVR,AVBL,1.0,interneuron,interneuron
37959,SAAVR,AVAR,39.0,interneuron,interneuron
37962,SAAVR,RIPL,12.0,interneuron,interneuron
37971,SAAVR,RMEV,1.0,interneuron,motorneuron
37985,SAAVR,SMDDL,17.0,interneuron,motorneuron
37989,SAAVR,SMBDL,1.0,interneuron,motorneuron
38118,AVKL,AVM,2.0,interneuron,sensory
38124,AVKL,DVA,1.0,interneuron,sensory
38212,AVKL,SAADL,1.0,interneuron,interneuron
38213,AVKL,SAADR,3.0,interneuron,interneuron
38229,AVKL,RIML,3.0,interneuron,interneuron
38230,AVKL,RIMR,2.0,interneuron,interneuron
38231,AVKL,AVEL,4.0,interneuron,interneuron
38232,AVKL,AVER,2.0,interneuron,interneuron
38233,AVKL,RMFL,2.0,interneuron,interneuron
38236,AVKL,AVBL,2.0,interneuron,interneuron
38254,AVKL,RMDL,1.0,interneuron,motorneuron
38258,AVKL,RIVL,5.0,interneuron,motorneuron
38274,AVKL,SIBDR,2.0,interneuron,motorneuron
38280,AVKL,SIAVR,2.0,interneuron,motorneuron
38461,AVKR,PVQL,1.0,interneuron,interneuron
38467,AVKR,BDUL,3.0,interneuron,interneuron
38474,AVKR,PVPL,1.0,interneuron,interneuron
38484,AVKR,RIGL,1.0,interneuron,interneuron
38486,AVKR,RMGL,2.0,interneuron,interneuron
38492,AVKR,SAADL,2.0,interneuron,interneuron
38496,AVKR,AVKL,3.0,interneuron,interneuron
38509,AVKR,RIML,5.0,interneuron,interneuron
38510,AVKR,RIMR,3.0,interneuron,interneuron
38513,AVKR,RMFL,2.0,interneuron,interneuron
38534,AVKR,RMDL,1.0,interneuron,motorneuron
38535,AVKR,RMDR,2.0,interneuron,motorneuron
38541,AVKR,RMHR,1.0,interneuron,motorneuron
38546,AVKR,SMDDR,3.0,interneuron,motorneuron
38548,AVKR,SMDVR,1.0,interneuron,motorneuron
38549,AVKR,SMBDL,3.0,interneuron,motorneuron
38557,AVKR,SIADL,3.0,interneuron,motorneuron
38762,DVC,RIBL,2.0,interneuron,interneuron
38763,DVC,RIBR,6.0,interneuron,interneuron
38764,DVC,RIGL,16.0,interneuron,interneuron
38765,DVC,RIGR,13.0,interneuron,interneuron
38768,DVC,AIBL,3.0,interneuron,interneuron
38769,DVC,AIBR,3.0,interneuron,interneuron
38776,DVC,AVKL,2.0,interneuron,interneuron
38781,DVC,PVT,1.0,interneuron,interneuron
38793,DVC,RMFL,14.0,interneuron,interneuron
38794,DVC,RMFR,9.0,interneuron,interneuron
38796,DVC,AVBL,1.0,interneuron,interneuron
38798,DVC,AVAL,14.0,interneuron,interneuron
38799,DVC,AVAR,16.0,interneuron,interneuron
38806,DVC,URAVL,1.0,interneuron,motorneuron
38819,DVC,RIVR,2.0,interneuron,motorneuron
38941,AVJL,ASHR,1.0,interneuron,sensory
39003,AVJL,AINL,1.0,interneuron,interneuron
39019,AVJL,RIS,1.0,interneuron,interneuron
39026,AVJL,RIFR,1.0,interneuron,interneuron
39032,AVJL,AVHL,3.0,interneuron,interneuron
39039,AVJL,PVNR,4.0,interneuron,interneuron
39060,AVJL,AVJR,1.0,interneuron,interneuron
39062,AVJL,AVDL,1.0,interneuron,interneuron
39071,AVJL,AVEL,1.0,interneuron,interneuron
39076,AVJL,AVBL,5.0,interneuron,interneuron
39077,AVJL,AVBR,6.0,interneuron,interneuron
39079,AVJL,AVAR,1.0,interneuron,interneuron
39080,AVJL,PVCL,5.0,interneuron,interneuron
39081,AVJL,PVCR,1.0,interneuron,interneuron
39236,AVJR,ALML,3.0,interneuron,sensory
39238,AVJR,AVM,1.0,interneuron,sensory
39243,AVJR,FLPR,2.0,interneuron,sensory
39302,AVJR,PVQR,1.0,interneuron,interneuron
39311,AVJR,AVFR,1.0,interneuron,interneuron
39339,AVJR,AVJL,1.0,interneuron,interneuron
39342,AVJR,AVDL,1.0,interneuron,interneuron
39343,AVJR,AVDR,7.0,interneuron,interneuron
39352,AVJR,AVER,3.0,interneuron,interneuron
39355,AVJR,RID,2.0,interneuron,interneuron
39356,AVJR,AVBL,10.0,interneuron,interneuron
39357,AVJR,AVBR,2.0,interneuron,interneuron
39358,AVJR,AVAL,4.0,interneuron,interneuron
39359,AVJR,AVAR,5.0,interneuron,interneuron
39360,AVJR,PVCL,5.0,interneuron,interneuron
39361,AVJR,PVCR,7.0,interneuron,interneuron
39567,PVT,RIH,2.0,interneuron,interneuron
39579,PVT,RIS,1.0,interneuron,interneuron
39604,PVT,RIGL,1.0,interneuron,interneuron
39605,PVT,RIGR,6.0,interneuron,interneuron
39608,PVT,AIBL,5.0,interneuron,interneuron
39609,PVT,AIBR,10.0,interneuron,interneuron
39616,PVT,AVKL,7.0,interneuron,interneuron
39617,PVT,AVKR,8.0,interneuron,interneuron
39618,PVT,DVC,3.0,interneuron,interneuron
39624,PVT,AVL,3.0,interneuron,interneuron
39633,PVT,RMFL,3.0,interneuron,interneuron
39634,PVT,RMFR,7.0,interneuron,interneuron
39651,PVT,RMEV,4.0,interneuron,motorneuron
39898,AVDL,DVC,2.0,interneuron,interneuron
39899,AVDL,AVJL,1.0,interneuron,interneuron
39903,AVDL,AVDR,5.0,interneuron,interneuron
39911,AVDL,AVEL,5.0,interneuron,interneuron
39918,AVDL,AVAL,37.0,interneuron,interneuron
39919,AVDL,AVAR,37.0,interneuron,interneuron
39920,AVDL,PVCL,1.0,interneuron,interneuron
40140,AVDR,ALA,1.0,interneuron,interneuron
40178,AVDR,DVC,4.0,interneuron,interneuron
40180,AVDR,AVJR,1.0,interneuron,interneuron
40182,AVDR,AVDL,3.0,interneuron,interneuron
40192,AVDR,AVER,2.0,interneuron,interneuron
40196,AVDR,AVBL,1.0,interneuron,interneuron
40198,AVDR,AVAL,41.0,interneuron,interneuron
40199,AVDR,AVAR,52.0,interneuron,interneuron
40201,AVDR,PVCR,2.0,interneuron,interneuron
40419,AVL,RIS,1.0,interneuron,interneuron
40435,AVL,PVPR,2.0,interneuron,interneuron
40457,AVL,AVKR,2.0,interneuron,interneuron
40458,AVL,DVC,2.0,interneuron,interneuron
40470,AVL,RIMR,2.0,interneuron,interneuron
40471,AVL,AVEL,3.0,interneuron,interneuron
40593,AVL,HSNR,2.0,interneuron,motorneuron
41185,RIAL,BAGR,2.0,interneuron,sensory
41186,RIAL,URXL,2.0,interneuron,sensory
41194,RIAL,AQR,4.0,interneuron,sensory
41223,RIAL,CEPDL,1.0,interneuron,sensory
41250,RIAL,RIR,3.0,interneuron,interneuron
41257,RIAL,AIZL,1.0,interneuron,interneuron
41282,RIAL,RIBL,2.0,interneuron,interneuron
41292,RIAL,SAADL,1.0,interneuron,interneuron
41308,RIAL,RIAR,23.0,interneuron,interneuron
41309,RIAL,RIML,2.0,interneuron,interneuron
41310,RIAL,RIMR,2.0,interneuron,interneuron
41318,RIAL,AVAL,2.0,interneuron,interneuron
41332,RIAL,RMDDL,48.0,interneuron,motorneuron
41333,RIAL,RMDDR,35.0,interneuron,motorneuron
41334,RIAL,RMDL,26.0,interneuron,motorneuron
41335,RIAL,RMDR,17.0,interneuron,motorneuron
41336,RIAL,RMDVL,48.0,interneuron,motorneuron
41337,RIAL,RMDVR,48.0,interneuron,motorneuron
41338,RIAL,RIVL,8.0,interneuron,motorneuron
41339,RIAL,RIVR,12.0,interneuron,motorneuron
41345,RIAL,SMDDL,22.0,interneuron,motorneuron
41346,RIAL,SMDDR,33.0,interneuron,motorneuron
41347,RIAL,SMDVL,14.0,interneuron,motorneuron
41348,RIAL,SMDVR,32.0,interneuron,motorneuron
41350,RIAL,SMBDR,7.0,interneuron,motorneuron
41357,RIAL,SIADL,3.0,interneuron,motorneuron
41360,RIAL,SIAVR,2.0,interneuron,motorneuron
41453,RIAR,ADFR,2.0,interneuron,sensory
41505,RIAR,CEPVL,1.0,interneuron,sensory
41506,RIAR,CEPVR,1.0,interneuron,sensory
41520,RIAR,IL1R,2.0,interneuron,sensory
41536,RIAR,AUAR,2.0,interneuron,interneuron
41563,RIAR,RIBR,1.0,interneuron,interneuron
41573,RIAR,SAADR,1.0,interneuron,interneuron
41587,RIAR,RIAL,38.0,interneuron,interneuron
41588,RIAR,RIAR,3.0,interneuron,interneuron
41599,RIAR,AVAR,2.0,interneuron,interneuron
41612,RIAR,RMDDL,48.0,interneuron,motorneuron
41613,RIAR,RMDDR,53.0,interneuron,motorneuron
41614,RIAR,RMDL,9.0,interneuron,motorneuron
41615,RIAR,RMDR,35.0,interneuron,motorneuron
41616,RIAR,RMDVL,57.0,interneuron,motorneuron
41617,RIAR,RMDVR,47.0,interneuron,motorneuron
41618,RIAR,RIVL,3.0,interneuron,motorneuron
41619,RIAR,RIVR,3.0,interneuron,motorneuron
41625,RIAR,SMDDL,32.0,interneuron,motorneuron
41626,RIAR,SMDDR,26.0,interneuron,motorneuron
41627,RIAR,SMDVL,43.0,interneuron,motorneuron
41628,RIAR,SMDVR,26.0,interneuron,motorneuron
41630,RIAR,SMBDR,2.0,interneuron,motorneuron
41632,RIAR,SMBVR,2.0,interneuron,motorneuron
41638,RIAR,SIADR,4.0,interneuron,motorneuron
41639,RIAR,SIAVL,7.0,interneuron,motorneuron
41842,RIML,RIBL,9.0,interneuron,interneuron
41848,RIML,AIBL,1.0,interneuron,interneuron
41849,RIML,AIBR,22.0,interneuron,interneuron
41851,RIML,RICR,1.0,interneuron,interneuron
41852,RIML,SAADL,1.0,interneuron,interneuron
41853,RIML,SAADR,4.0,interneuron,interneuron
41854,RIML,SAAVL,10.0,interneuron,interneuron
41855,RIML,SAAVR,10.0,interneuron,interneuron
41857,RIML,AVKR,1.0,interneuron,interneuron
41867,RIML,RIAL,3.0,interneuron,interneuron
41869,RIML,RIML,11.0,interneuron,interneuron
41870,RIML,RIMR,2.0,interneuron,interneuron
41872,RIML,AVER,5.0,interneuron,interneuron
41873,RIML,RMFL,2.0,interneuron,interneuron
41874,RIML,RMFR,2.0,interneuron,interneuron
41876,RIML,AVBL,9.0,interneuron,interneuron
41877,RIML,AVBR,11.0,interneuron,interneuron
41878,RIML,AVAL,5.0,interneuron,interneuron
41879,RIML,AVAR,2.0,interneuron,interneuron
41894,RIML,RMDL,9.0,interneuron,motorneuron
41895,RIML,RMDR,21.0,interneuron,motorneuron
41905,RIML,SMDDL,11.0,interneuron,motorneuron
41906,RIML,SMDDR,14.0,interneuron,motorneuron
41907,RIML,SMDVL,11.0,interneuron,motorneuron
42099,RIMR,RIS,2.0,interneuron,interneuron
42104,RIMR,ADAR,9.0,interneuron,interneuron
42123,RIMR,RIBR,4.0,interneuron,interneuron
42128,RIMR,AIBL,15.0,interneuron,interneuron
42134,RIMR,SAAVL,11.0,interneuron,interneuron
42135,RIMR,SAAVR,8.0,interneuron,interneuron
42136,RIMR,AVKL,1.0,interneuron,interneuron
42139,RIMR,AVJL,4.0,interneuron,interneuron
42149,RIMR,RIML,4.0,interneuron,interneuron
42153,RIMR,RMFL,1.0,interneuron,interneuron
42154,RIMR,RMFR,7.0,interneuron,interneuron
42156,RIMR,AVBL,9.0,interneuron,interneuron
42157,RIMR,AVBR,12.0,interneuron,interneuron
42158,RIMR,AVAL,9.0,interneuron,interneuron
42174,RIMR,RMDL,15.0,interneuron,motorneuron
42175,RIMR,RMDR,12.0,interneuron,motorneuron
42185,RIMR,SMDDL,9.0,interneuron,motorneuron
42186,RIMR,SMDDR,14.0,interneuron,motorneuron
42187,RIMR,SMDVL,2.0,interneuron,motorneuron
42188,RIMR,SMDVR,3.0,interneuron,motorneuron
42316,AVEL,ALML,1.0,interneuron,sensory
42406,AVEL,RMGL,2.0,interneuron,interneuron
42421,AVEL,PVT,1.0,interneuron,interneuron
42422,AVEL,AVDL,5.0,interneuron,interneuron
42438,AVEL,AVAL,17.0,interneuron,interneuron
42439,AVEL,AVAR,3.0,interneuron,interneuron
42440,AVEL,PVCL,1.0,interneuron,interneuron
42441,AVEL,PVCR,2.0,interneuron,interneuron
42587,AVER,URXR,1.0,interneuron,sensory
42623,AVER,CEPDL,1.0,interneuron,sensory
42631,AVER,OLLL,1.0,interneuron,sensory
42658,AVER,AIZR,1.0,interneuron,interneuron
42687,AVER,RMGR,1.0,interneuron,interneuron
42702,AVER,AVDL,4.0,interneuron,interneuron
42703,AVER,AVDR,4.0,interneuron,interneuron
42710,AVER,RIMR,1.0,interneuron,interneuron
42711,AVER,AVEL,3.0,interneuron,interneuron
42718,AVER,AVAL,14.0,interneuron,interneuron
42719,AVER,AVAR,33.0,interneuron,interneuron
42864,RMFL,BAGL,1.0,interneuron,sensory
42939,RMFL,RIS,1.0,interneuron,interneuron
42963,RMFL,RIBR,1.0,interneuron,interneuron
42975,RMFL,SAAVR,1.0,interneuron,interneuron
42976,RMFL,AVKL,9.0,interneuron,interneuron
42977,RMFL,AVKR,14.0,interneuron,interneuron
42978,RMFL,DVC,1.0,interneuron,interneuron
42981,RMFL,PVT,3.0,interneuron,interneuron
42990,RMFL,RIMR,2.0,interneuron,interneuron
43015,RMFL,RMDR,13.0,interneuron,motorneuron
43020,RMFL,RMHL,2.0,interneuron,motorneuron
43027,RMFL,SMDVL,1.0,interneuron,motorneuron
43207,RMFR,RIH,1.0,interneuron,interneuron
43256,RMFR,AVKL,7.0,interneuron,interneuron
43257,RMFR,AVKR,9.0,interneuron,interneuron
43258,RMFR,DVC,2.0,interneuron,interneuron
43294,RMFR,RMDL,6.0,interneuron,motorneuron
43295,RMFR,RMDR,1.0,interneuron,motorneuron
43442,RID,FLPL,1.0,interneuron,sensory
43570,RID,RMED,5.0,interneuron,motorneuron
43712,AVBL,SDQL,1.0,interneuron,sensory
43724,AVBL,DVA,2.0,interneuron,sensory
43795,AVBL,PVPR,3.0,interneuron,interneuron
43799,AVBL,PVNR,3.0,interneuron,interneuron
43820,AVBL,AVJR,1.0,interneuron,interneuron
43823,AVBL,AVDR,3.0,interneuron,interneuron
43824,AVBL,AVL,1.0,interneuron,interneuron
43831,AVBL,AVEL,1.0,interneuron,interneuron
43832,AVBL,AVER,1.0,interneuron,interneuron
43837,AVBL,AVBR,6.0,interneuron,interneuron
43838,AVBL,AVAL,9.0,interneuron,interneuron
43839,AVBL,AVAR,14.0,interneuron,interneuron
43841,AVBL,PVCR,2.0,interneuron,interneuron
44089,AVBR,AIBR,1.0,interneuron,interneuron
44099,AVBR,AVJL,2.0,interneuron,interneuron
44102,AVBR,AVDL,4.0,interneuron,interneuron
44112,AVBR,AVER,2.0,interneuron,interneuron
44116,AVBR,AVBL,2.0,interneuron,interneuron
44118,AVBR,AVAL,10.0,interneuron,interneuron
44119,AVBR,AVAR,14.0,interneuron,interneuron
44233,AVBR,HSNR,1.0,interneuron,motorneuron
44358,AVAL,PVNL,1.0,interneuron,interneuron
44382,AVAL,AVDL,3.0,interneuron,interneuron
44383,AVAL,AVDR,2.0,interneuron,interneuron
44387,AVAL,RIAL,3.0,interneuron,interneuron
44391,AVAL,AVEL,1.0,interneuron,interneuron
44392,AVAL,AVER,2.0,interneuron,interneuron
44396,AVAL,AVBL,2.0,interneuron,interneuron
44399,AVAL,AVAR,12.0,interneuron,interneuron
44400,AVAL,PVCL,21.0,interneuron,interneuron
44401,AVAL,PVCR,16.0,interneuron,interneuron
44644,AVAR,RIGL,1.0,interneuron,interneuron
44655,AVAR,SAAVR,6.0,interneuron,interneuron
44662,AVAR,AVDL,3.0,interneuron,interneuron
44663,AVAR,AVDR,6.0,interneuron,interneuron
44671,AVAR,AVEL,2.0,interneuron,interneuron
44672,AVAR,AVER,3.0,interneuron,interneuron
44676,AVAR,AVBL,3.0,interneuron,interneuron
44677,AVAR,AVBR,4.0,interneuron,interneuron
44678,AVAR,AVAL,7.0,interneuron,interneuron
44680,AVAR,PVCL,20.0,interneuron,interneuron
44681,AVAR,PVCR,20.0,interneuron,interneuron
44708,AVAR,SMDVR,1.0,interneuron,motorneuron
44821,PVCL,ASHR,2.0,interneuron,sensory
44823,PVCL,ADLR,2.0,interneuron,sensory
44844,PVCL,DVA,4.0,interneuron,sensory
44899,PVCL,RIS,2.0,interneuron,interneuron
44939,PVCL,AVJL,3.0,interneuron,interneuron
44940,PVCL,AVJR,2.0,interneuron,interneuron
44942,PVCL,AVDL,7.0,interneuron,interneuron
44943,PVCL,AVDR,11.0,interneuron,interneuron
44951,PVCL,AVEL,2.0,interneuron,interneuron
44952,PVCL,AVER,7.0,interneuron,interneuron
44955,PVCL,RID,12.0,interneuron,interneuron
44956,PVCL,AVBL,7.0,interneuron,interneuron
44957,PVCL,AVBR,27.0,interneuron,interneuron
44958,PVCL,AVAL,5.0,interneuron,interneuron
44959,PVCL,AVAR,7.0,interneuron,interneuron
44960,PVCL,PVCL,1.0,interneuron,interneuron
44961,PVCL,PVCR,10.0,interneuron,interneuron
44992,PVCL,SMBVR,3.0,interneuron,motorneuron
44993,PVCL,SIBDL,2.0,interneuron,motorneuron
44995,PVCL,SIBVL,7.0,interneuron,motorneuron
45114,PVCR,AQR,2.0,interneuron,sensory
45122,PVCR,FLPL,2.0,interneuron,sensory
45124,PVCR,DVA,3.0,interneuron,sensory
45189,PVCR,PVR,1.0,interneuron,interneuron
45192,PVCR,AVHL,1.0,interneuron,interneuron
45195,PVCR,PVPR,1.0,interneuron,interneuron
45222,PVCR,AVDL,16.0,interneuron,interneuron
45223,PVCR,AVDR,6.0,interneuron,interneuron
45224,PVCR,AVL,1.0,interneuron,interneuron
45231,PVCR,AVEL,6.0,interneuron,interneuron
45232,PVCR,AVER,6.0,interneuron,interneuron
45235,PVCR,RID,19.0,interneuron,interneuron
45236,PVCR,AVBL,21.0,interneuron,interneuron
45237,PVCR,AVBR,14.0,interneuron,interneuron
45238,PVCR,AVAL,10.0,interneuron,interneuron
45239,PVCR,AVAR,5.0,interneuron,interneuron
45240,PVCR,PVCL,5.0,interneuron,interneuron
45276,PVCR,SIBVR,10.0,interneuron,motorneuron
45372,RIPL,ADFL,3.0,interneuron,sensory
45384,RIPL,BAGL,7.0,interneuron,sensory
45431,RIPL,OLLL,4.0,interneuron,sensory
45434,RIPL,OLQDR,2.0,interneuron,sensory
45435,RIPL,OLQVL,1.0,interneuron,sensory
45447,RIPL,RIH,2.0,interneuron,interneuron
45522,RIPL,RIPL,3.0,interneuron,interneuron
45653,RIPR,ADFR,1.0,interneuron,sensory
45665,RIPR,BAGR,2.0,interneuron,sensory
45714,RIPR,OLQDR,3.0,interneuron,sensory
45716,RIPR,OLQVR,2.0,interneuron,sensory
45720,RIPR,IL1R,1.0,interneuron,sensory
45727,RIPR,RIH,1.0,interneuron,interneuron
45729,RIPR,URBR,1.0,interneuron,interneuron
45797,RIPR,AVBR,2.0,interneuron,interneuron
45807,RIPR,URAVR,1.0,interneuron,motorneuron
45997,URADL,IL1DL,4.0,motorneuron,sensory
46007,URADL,RIH,3.0,motorneuron,interneuron
46082,URADL,RIPL,12.0,motorneuron,interneuron
46088,URADL,RMEL,8.0,motorneuron,motorneuron
46268,URADR,URYDR,1.0,motorneuron,sensory
46278,URADR,IL1DR,3.0,motorneuron,sensory
46363,URADR,RIPR,16.0,motorneuron,interneuron
46369,URADR,RMER,1.0,motorneuron,motorneuron
46545,URAVL,CEPVL,1.0,motorneuron,sensory
46559,URAVL,IL1L,3.0,motorneuron,sensory
46561,URAVL,IL1VL,6.0,motorneuron,sensory
46602,URAVL,RIBL,1.0,motorneuron,interneuron
46618,URAVL,DVC,1.0,motorneuron,interneuron
46632,URAVL,AVER,1.0,motorneuron,interneuron
46642,URAVL,RIPL,15.0,motorneuron,interneuron
46648,URAVL,RMEL,8.0,motorneuron,motorneuron
46649,URAVL,RMER,3.0,motorneuron,motorneuron
46651,URAVL,RMEV,10.0,motorneuron,motorneuron
46652,URAVL,RMDDL,7.0,motorneuron,motorneuron
46657,URAVL,RMDVR,1.0,motorneuron,motorneuron
46822,URAVR,IL2VR,3.0,motorneuron,sensory
46830,URAVR,URYVR,1.0,motorneuron,sensory
46840,URAVR,IL1R,2.0,motorneuron,sensory
46842,URAVR,IL1VR,9.0,motorneuron,sensory
46847,URAVR,RIH,1.0,motorneuron,interneuron
46864,URAVR,ADAR,1.0,motorneuron,interneuron
46901,URAVR,PVT,3.0,motorneuron,interneuron
46923,URAVR,RIPR,13.0,motorneuron,interneuron
46928,URAVR,RMEL,1.0,motorneuron,motorneuron
46929,URAVR,RMER,4.0,motorneuron,motorneuron
46931,URAVR,RMEV,2.0,motorneuron,motorneuron
46933,URAVR,RMDDR,1.0,motorneuron,motorneuron
46936,URAVR,RMDVL,1.0,motorneuron,motorneuron
47112,RMEL,OLLR,1.0,motorneuron,sensory
47120,RMEL,IL1R,2.0,motorneuron,sensory
47203,RMEL,RIPR,1.0,motorneuron,interneuron
47211,RMEL,RMEV,1.0,motorneuron,motorneuron
47399,RMER,IL1L,4.0,motorneuron,sensory
47489,RMER,RMER,5.0,motorneuron,motorneuron
47501,RMER,RMHR,3.0,motorneuron,motorneuron
47722,RMED,RIBL,1.0,motorneuron,interneuron
47723,RMED,RIBR,1.0,motorneuron,interneuron
47770,RMED,RMED,1.0,motorneuron,motorneuron
47785,RMED,SMDDL,1.0,motorneuron,motorneuron
47786,RMED,SMDDR,4.0,motorneuron,motorneuron
47967,RMEV,RIH,2.0,motorneuron,interneuron
47979,RMEV,RIS,1.0,motorneuron,interneuron
48003,RMEV,RIBR,2.0,motorneuron,interneuron
48050,RMEV,RMED,1.0,motorneuron,motorneuron
48052,RMEV,RMDDL,1.0,motorneuron,motorneuron
48053,RMEV,RMDDR,1.0,motorneuron,motorneuron
48066,RMEV,SMDDR,1.0,motorneuron,motorneuron
48067,RMEV,SMDVL,1.0,motorneuron,motorneuron
48225,RMDDL,CEPVL,2.0,motorneuron,sensory
48238,RMDDL,IL1DR,2.0,motorneuron,sensory
48240,RMDDL,IL1R,9.0,motorneuron,sensory
48307,RMDDL,RIAL,1.0,motorneuron,interneuron
48312,RMDDL,AVER,1.0,motorneuron,interneuron
48331,RMDDL,RMEV,2.0,motorneuron,motorneuron
48336,RMDDL,RMDVL,1.0,motorneuron,motorneuron
48337,RMDDL,RMDVR,22.0,motorneuron,motorneuron
48340,RMDDL,RMHL,1.0,motorneuron,motorneuron
48612,RMDDR,RMDDL,1.0,motorneuron,motorneuron
48616,RMDDR,RMDVL,26.0,motorneuron,motorneuron
48617,RMDDR,RMDVR,3.0,motorneuron,motorneuron
48747,RMDL,URXR,1.0,motorneuron,sensory
48768,RMDL,ADER,3.0,motorneuron,sensory
48792,RMDL,OLLR,3.0,motorneuron,sensory
48799,RMDL,IL1L,1.0,motorneuron,sensory
48800,RMDL,IL1R,1.0,motorneuron,sensory
48819,RMDL,RIS,1.0,motorneuron,interneuron
48843,RMDL,RIBR,1.0,motorneuron,interneuron
48857,RMDL,AVKR,1.0,motorneuron,interneuron
48867,RMDL,RIAL,20.0,motorneuron,interneuron
48868,RMDL,RIAR,22.0,motorneuron,interneuron
48869,RMDL,RIML,3.0,motorneuron,interneuron
48874,RMDL,RMFR,1.0,motorneuron,interneuron
48893,RMDL,RMDDR,7.0,motorneuron,motorneuron
48895,RMDL,RMDR,8.0,motorneuron,motorneuron
48896,RMDL,RMDVL,2.0,motorneuron,motorneuron
48897,RMDL,RMDVR,3.0,motorneuron,motorneuron
48898,RMDL,RIVL,1.0,motorneuron,motorneuron
48900,RMDL,RMHL,3.0,motorneuron,motorneuron
48906,RMDL,SMDDR,1.0,motorneuron,motorneuron
48912,RMDL,SMBVR,2.0,motorneuron,motorneuron
48916,RMDL,SIBVR,3.0,motorneuron,motorneuron
49072,RMDR,OLLR,2.0,motorneuron,sensory
49079,RMDR,IL1L,2.0,motorneuron,sensory
49099,RMDR,RIS,1.0,motorneuron,interneuron
49126,RMDR,RMGL,1.0,motorneuron,interneuron
49137,RMDR,AVKR,1.0,motorneuron,interneuron
49147,RMDR,RIAL,14.0,motorneuron,interneuron
49148,RMDR,RIAR,21.0,motorneuron,interneuron
49150,RMDR,RIMR,1.0,motorneuron,interneuron
49172,RMDR,RMDDL,6.0,motorneuron,motorneuron
49174,RMDR,RMDL,11.0,motorneuron,motorneuron
49176,RMDR,RMDVL,9.0,motorneuron,motorneuron
49186,RMDR,SMDDR,1.0,motorneuron,motorneuron
49199,RMDR,SIAVL,1.0,motorneuron,motorneuron
49342,RMDVL,IL2VR,1.0,motorneuron,sensory
49343,RMDVL,CEPDL,2.0,motorneuron,sensory
49350,RMDVL,URYVR,1.0,motorneuron,sensory
49356,RMDVL,OLQVR,3.0,motorneuron,sensory
49360,RMDVL,IL1R,2.0,motorneuron,sensory
49432,RMDVL,AVER,2.0,motorneuron,interneuron
49453,RMDVL,RMDDR,41.0,motorneuron,motorneuron
49455,RMDVL,RMDR,2.0,motorneuron,motorneuron
49457,RMDVL,RMDVR,1.0,motorneuron,motorneuron
49474,RMDVL,SIBDR,1.0,motorneuron,motorneuron
49480,RMDVL,SIAVR,2.0,motorneuron,motorneuron
49624,RMDVR,CEPDR,2.0,motorneuron,sensory
49635,RMDVR,OLQVL,2.0,motorneuron,sensory
49638,RMDVR,IL1DR,1.0,motorneuron,sensory
49639,RMDVR,IL1L,1.0,motorneuron,sensory
49708,RMDVR,RIAR,1.0,motorneuron,interneuron
49719,RMDVR,AVAR,1.0,motorneuron,interneuron
49726,RMDVR,URAVL,8.0,motorneuron,motorneuron
49732,RMDVR,RMDDL,43.0,motorneuron,motorneuron
49737,RMDVR,RMDVR,2.0,motorneuron,motorneuron
49750,RMDVR,SMBDR,1.0,motorneuron,motorneuron
49756,RMDVR,SIBVR,1.0,motorneuron,motorneuron
49759,RMDVR,SIAVL,2.0,motorneuron,motorneuron
49973,RIVL,SAADR,11.0,motorneuron,interneuron
49987,RIVL,RIAL,5.0,motorneuron,interneuron
49988,RIVL,RIAR,2.0,motorneuron,interneuron
50014,RIVL,RMDL,4.0,motorneuron,motorneuron
50016,RIVL,RMDVL,5.0,motorneuron,motorneuron
50019,RIVL,RIVR,1.0,motorneuron,motorneuron
50026,RIVL,SMDDR,8.0,motorneuron,motorneuron
50027,RIVL,SMDVL,2.0,motorneuron,motorneuron
50040,RIVL,SIAVR,5.0,motorneuron,motorneuron
50252,RIVR,SAADL,12.0,motorneuron,interneuron
50267,RIVR,RIAL,6.0,motorneuron,interneuron
50268,RIVR,RIAR,2.0,motorneuron,interneuron
50292,RIVR,RMDDL,1.0,motorneuron,motorneuron
50295,RIVR,RMDR,4.0,motorneuron,motorneuron
50297,RIVR,RMDVR,1.0,motorneuron,motorneuron
50298,RIVR,RIVL,8.0,motorneuron,motorneuron
50301,RIVR,RMHR,2.0,motorneuron,motorneuron
50305,RIVR,SMDDL,6.0,motorneuron,motorneuron
50308,RIVR,SMDVR,3.0,motorneuron,motorneuron
50311,RIVR,SMBVL,1.0,motorneuron,motorneuron
50319,RIVR,SIAVL,5.0,motorneuron,motorneuron
50427,RMHL,URXR,1.0,motorneuron,sensory
50480,RMHL,IL1R,2.0,motorneuron,sensory
50530,RMHL,RICL,1.0,motorneuron,interneuron
50531,RMHL,RICR,1.0,motorneuron,interneuron
50534,RMHL,SAAVL,1.0,motorneuron,interneuron
50555,RMHL,RID,1.0,motorneuron,interneuron
50559,RMHL,AVAR,1.0,motorneuron,interneuron
50572,RMHL,RMDDL,2.0,motorneuron,motorneuron
50575,RMHL,RMDR,1.0,motorneuron,motorneuron
50745,RMHR,CEPVL,1.0,motorneuron,sensory
50806,RMHR,RMGL,8.0,motorneuron,interneuron
50809,RMHR,AIBR,3.0,motorneuron,interneuron
50849,RMHR,RMER,4.0,motorneuron,motorneuron
50854,RMHR,RMDL,4.0,motorneuron,motorneuron
50855,RMHR,RMDR,1.0,motorneuron,motorneuron
50860,RMHR,RMHL,3.0,motorneuron,motorneuron
50865,RMHR,SMDDL,3.0,motorneuron,motorneuron
51867,SMDDL,URYDL,1.0,motorneuron,sensory
51899,SMDDL,RIS,2.0,motorneuron,interneuron
51935,SMDDL,SAAVR,1.0,motorneuron,interneuron
51947,SMDDL,RIAL,9.0,motorneuron,interneuron
51948,SMDDL,RIAR,14.0,motorneuron,interneuron
51949,SMDDL,RIML,2.0,motorneuron,interneuron
51950,SMDDL,RIMR,1.0,motorneuron,interneuron
51951,SMDDL,AVEL,1.0,motorneuron,interneuron
51952,SMDDL,AVER,1.0,motorneuron,interneuron
51974,SMDDL,RMDL,3.0,motorneuron,motorneuron
51975,SMDDL,RMDR,1.0,motorneuron,motorneuron
51979,SMDDL,RIVR,1.0,motorneuron,motorneuron
51986,SMDDL,SMDDR,1.0,motorneuron,motorneuron
51987,SMDDL,SMDVL,2.0,motorneuron,motorneuron
51988,SMDDL,SMDVR,17.0,motorneuron,motorneuron
51989,SMDDL,SMBDL,3.0,motorneuron,motorneuron
51993,SMDDL,SIBDL,14.0,motorneuron,motorneuron
51997,SMDDL,SIADL,14.0,motorneuron,motorneuron
52082,SMDDR,ASJL,1.0,motorneuron,sensory
52086,SMDDR,ASGL,1.0,motorneuron,sensory
52108,SMDDR,ALNL,1.0,motorneuron,sensory
52109,SMDDR,ALNR,2.0,motorneuron,sensory
52178,SMDDR,AIZR,2.0,motorneuron,interneuron
52179,SMDDR,RIS,3.0,motorneuron,interneuron
52202,SMDDR,RIBL,1.0,motorneuron,interneuron
52227,SMDDR,RIAL,5.0,motorneuron,interneuron
52228,SMDDR,RIAR,3.0,motorneuron,interneuron
52230,SMDDR,RIMR,3.0,motorneuron,interneuron
52232,SMDDR,AVER,1.0,motorneuron,interneuron
52255,SMDDR,RMDR,1.0,motorneuron,motorneuron
52258,SMDDR,RIVL,1.0,motorneuron,motorneuron
52265,SMDDR,SMDDL,4.0,motorneuron,motorneuron
52267,SMDDR,SMDVL,5.0,motorneuron,motorneuron
52270,SMDDR,SMBDR,3.0,motorneuron,motorneuron
52274,SMDDR,SIBDR,14.0,motorneuron,motorneuron
52278,SMDDR,SIADR,14.0,motorneuron,motorneuron
52388,SMDVL,ALNL,2.0,motorneuron,sensory
52389,SMDVL,ALNR,6.0,motorneuron,sensory
52390,SMDVL,PLNL,6.0,motorneuron,sensory
52419,SMDVL,IL2L,1.0,motorneuron,sensory
52426,SMDVL,CEPVR,1.0,motorneuron,sensory
52469,SMDVL,PVR,1.0,motorneuron,interneuron
52483,SMDVL,RIBR,1.0,motorneuron,interneuron
52507,SMDVL,RIAL,19.0,motorneuron,interneuron
52508,SMDVL,RIAR,31.0,motorneuron,interneuron
52533,SMDVL,RMDDR,3.0,motorneuron,motorneuron
52538,SMDVL,RIVL,6.0,motorneuron,motorneuron
52546,SMDVL,SMDDR,22.0,motorneuron,motorneuron
52548,SMDVL,SMDVR,2.0,motorneuron,motorneuron
52555,SMDVL,SIBVL,30.0,motorneuron,motorneuron
52558,SMDVL,SIADR,1.0,motorneuron,motorneuron
52560,SMDVL,SIAVR,30.0,motorneuron,motorneuron
52670,SMDVR,PLNL,6.0,motorneuron,sensory
52705,SMDVR,CEPVL,1.0,motorneuron,sensory
52769,SMDVR,AIBR,1.0,motorneuron,interneuron
52787,SMDVR,RIAL,24.0,motorneuron,interneuron
52788,SMDVR,RIAR,16.0,motorneuron,interneuron
52789,SMDVR,RIML,1.0,motorneuron,interneuron
52792,SMDVR,AVER,1.0,motorneuron,interneuron
52799,SMDVR,AVAR,1.0,motorneuron,interneuron
52810,SMDVR,RMED,9.0,motorneuron,motorneuron
52812,SMDVR,RMDDL,3.0,motorneuron,motorneuron
52819,SMDVR,RIVR,1.0,motorneuron,motorneuron
52825,SMDVR,SMDDL,14.0,motorneuron,motorneuron
52827,SMDVR,SMDVL,1.0,motorneuron,motorneuron
52836,SMDVR,SIBVR,30.0,motorneuron,motorneuron
52839,SMDVR,SIAVL,30.0,motorneuron,motorneuron
52949,SMBDL,ALNR,1.0,motorneuron,sensory
52953,SMBDL,SDQR,18.0,motorneuron,sensory
53007,SMBDL,RIH,2.0,motorneuron,interneuron
53017,SMBDL,AIZL,1.0,motorneuron,interneuron
53055,SMBDL,SAAVR,9.0,motorneuron,interneuron
53090,SMBDL,RMED,4.0,motorneuron,motorneuron
53105,SMBDL,SMDDL,7.0,motorneuron,motorneuron
53111,SMBDL,SMBVL,2.0,motorneuron,motorneuron
53117,SMBDL,SIADL,19.0,motorneuron,motorneuron
53119,SMBDL,SIAVL,3.0,motorneuron,motorneuron
53228,SMBDR,ALNL,5.0,motorneuron,sensory
53232,SMBDR,SDQL,18.0,motorneuron,sensory
53334,SMBDR,SAAVL,8.0,motorneuron,interneuron
53358,SMBDR,AVAL,1.0,motorneuron,interneuron
53370,SMBDR,RMED,25.0,motorneuron,motorneuron
53378,SMBDR,RIVL,1.0,motorneuron,motorneuron
53386,SMBDR,SMDDR,4.0,motorneuron,motorneuron
53389,SMBDR,SMBDL,3.0,motorneuron,motorneuron
53398,SMBDR,SIADR,20.0,motorneuron,motorneuron
53400,SMBDR,SIAVR,1.0,motorneuron,motorneuron
53510,SMBVL,PLNL,5.0,motorneuron,sensory
53565,SMBVL,AIML,1.0,motorneuron,interneuron
53590,SMBVL,AVFL,1.0,motorneuron,interneuron
53593,SMBVL,AVHR,1.0,motorneuron,interneuron
53594,SMBVL,PVPL,1.0,motorneuron,interneuron
53612,SMBVL,SAADL,16.0,motorneuron,interneuron
53620,SMBVL,AVJR,1.0,motorneuron,interneuron
53637,SMBVL,AVBR,1.0,motorneuron,interneuron
53651,SMBVL,RMEV,20.0,motorneuron,motorneuron
53657,SMBVL,RMDVR,1.0,motorneuron,motorneuron
53669,SMBVL,SMBDL,2.0,motorneuron,motorneuron
53679,SMBVL,SIAVL,1.0,motorneuron,motorneuron
53783,SMBVR,ADLR,2.0,motorneuron,sensory
53791,SMBVR,PLNR,5.0,motorneuron,sensory
53826,SMBVR,CEPVR,8.0,motorneuron,sensory
53869,SMBVR,PVR,2.0,motorneuron,interneuron
53872,SMBVR,AVHL,2.0,motorneuron,interneuron
53887,SMBVR,RMGR,3.0,motorneuron,interneuron
53893,SMBVR,SAADR,12.0,motorneuron,interneuron
53908,SMBVR,RIAR,1.0,motorneuron,interneuron
53931,SMBVR,RMEV,8.0,motorneuron,motorneuron
53934,SMBVR,RMDL,2.0,motorneuron,motorneuron
53935,SMBVR,RMDR,3.0,motorneuron,motorneuron
53950,SMBVR,SMBDR,2.0,motorneuron,motorneuron
53960,SMBVR,SIAVR,1.0,motorneuron,motorneuron
54237,SIBDL,SIADL,2.0,motorneuron,motorneuron
54506,SIBDR,SMDDR,10.0,motorneuron,motorneuron
54518,SIBDR,SIADR,2.0,motorneuron,motorneuron
54629,SIBVL,ALNR,1.0,motorneuron,sensory
54714,SIBVL,PVPL,1.0,motorneuron,interneuron
54790,SIBVL,SMBDR,1.0,motorneuron,motorneuron
54800,SIBVL,SIAVR,5.0,motorneuron,motorneuron
55023,SIBVR,AVDR,1.0,motorneuron,interneuron
55035,SIBVR,RID,1.0,motorneuron,interneuron
55079,SIBVR,SIAVL,5.0,motorneuron,motorneuron
55189,SIADL,ALNR,4.0,motorneuron,sensory
55193,SIADL,SDQR,4.0,motorneuron,sensory
55271,SIADL,AVFR,1.0,motorneuron,interneuron
55334,SIADL,RMDL,4.0,motorneuron,motorneuron
55345,SIADL,SMDDL,17.0,motorneuron,motorneuron
55349,SIADL,SMBDL,18.0,motorneuron,motorneuron
55353,SIADL,SIBDL,4.0,motorneuron,motorneuron
55472,SIADR,SDQL,4.0,motorneuron,sensory
55476,SIADR,ALML,1.0,motorneuron,sensory
55503,SIADR,CEPDL,1.0,motorneuron,sensory
55522,SIADR,IL1VR,1.0,motorneuron,sensory
55598,SIADR,AVAL,1.0,motorneuron,interneuron
55626,SIADR,SMDDR,17.0,motorneuron,motorneuron
55630,SIADR,SMBDR,17.0,motorneuron,motorneuron
55634,SIADR,SIBDR,4.0,motorneuron,motorneuron
55750,SIAVL,PLNL,10.0,motorneuron,sensory
55767,SIAVL,ADEL,1.0,motorneuron,sensory
55779,SIAVL,IL2L,1.0,motorneuron,sensory
55908,SIAVL,SMDVR,10.0,motorneuron,motorneuron
55911,SIAVL,SMBVL,2.0,motorneuron,motorneuron
55916,SIAVL,SIBVR,2.0,motorneuron,motorneuron
56031,SIAVR,PLNR,10.0,motorneuron,sensory
56174,SIAVR,RMDL,1.0,motorneuron,motorneuron
56195,SIAVR,SIBVL,2.0,motorneuron,motorneuron
76163,HSNL,ASJR,2.0,motorneuron,sensory
76165,HSNL,AWAR,3.0,motorneuron,sensory
76168,HSNL,AWBL,5.0,motorneuron,sensory
76169,HSNL,AWBR,3.0,motorneuron,sensory
76178,HSNL,ASKL,3.0,motorneuron,sensory
76179,HSNL,ASKR,2.0,motorneuron,sensory
76180,HSNL,ASHL,3.0,motorneuron,sensory
76181,HSNL,ASHR,1.0,motorneuron,sensory
76182,HSNL,ADLL,1.0,motorneuron,sensory
76183,HSNL,ADLR,1.0,motorneuron,sensory
76246,HSNL,AIMR,2.0,motorneuron,interneuron
76250,HSNL,RIR,3.0,motorneuron,interneuron
76253,HSNL,AIAL,8.0,motorneuron,interneuron
76257,HSNL,AIZL,6.0,motorneuron,interneuron
76258,HSNL,AIZR,3.0,motorneuron,interneuron
76261,HSNL,PVQL,1.0,motorneuron,interneuron
76265,HSNL,RIFL,9.0,motorneuron,interneuron
76270,HSNL,AVFL,11.0,motorneuron,interneuron
76271,HSNL,AVFR,4.0,motorneuron,interneuron
76287,HSNL,RMGR,1.0,motorneuron,interneuron
76299,HSNL,AVJL,3.0,motorneuron,interneuron
76309,HSNL,RIML,4.0,motorneuron,interneuron
76432,HSNL,HSNL,1.0,motorneuron,motorneuron
76433,HSNL,HSNR,5.0,motorneuron,motorneuron
76448,HSNR,AWBL,2.0,motorneuron,sensory
76460,HSNR,ASHL,4.0,motorneuron,sensory
76533,HSNR,AIAL,3.0,motorneuron,interneuron
76537,HSNR,AIZL,3.0,motorneuron,interneuron
76538,HSNR,AIZR,1.0,motorneuron,interneuron
76542,HSNR,PVQR,1.0,motorneuron,interneuron
76546,HSNR,RIFR,6.0,motorneuron,interneuron
76548,HSNR,BDUR,2.0,motorneuron,interneuron
76550,HSNR,AVFL,4.0,motorneuron,interneuron
76551,HSNR,AVFR,2.0,motorneuron,interneuron
76552,HSNR,AVHL,2.0,motorneuron,interneuron
76553,HSNR,AVHR,2.0,motorneuron,interneuron
76555,HSNR,PVPR,1.0,motorneuron,interneuron
76559,HSNR,PVNR,2.0,motorneuron,interneuron
76567,HSNR,RMGR,1.0,motorneuron,interneuron
76568,HSNR,AIBL,2.0,motorneuron,interneuron
76579,HSNR,AVJL,3.0,motorneuron,interneuron
76581,HSNR,PVT,1.0,motorneuron,interneuron
76583,HSNR,AVDR,1.0,motorneuron,interneuron
76589,HSNR,RIML,1.0,motorneuron,interneuron
76590,HSNR,RIMR,1.0,motorneuron,interneuron
76591,HSNR,AVEL,1.0,motorneuron,interneuron
76592,HSNR,AVER,1.0,motorneuron,interneuron
76613,HSNR,RMDDR,1.0,motorneuron,motorneuron
76712,HSNR,HSNL,1.0,motorneuron,motorneuron
