assortavity,cpl,radius,diameter,transitivity,density,global_efficiency,mean_cc
0.0166804407483911,0.873322119218086,3,5.28541016013382,0.0057508095567756,0.024094763763629,2.03040547020033,Inf
