assortavity,cpl,radius,diameter,transitivity,density,global_efficiency,mean_cc
0.0105531847350514,3.2550199192535,4,8,0.192825661116552,0.0283281195689955,0.3448364635017,0.243740537982081
