assortavity,cpl,radius,diameter,transitivity,density,global_efficiency,mean_cc
0.030288360549705,2.9178102189781,4,7,0.200513095228131,0.0467551426675514,0.390777198470584,0.248685206421859
