assortavity,cpl,radius,diameter,transitivity,density,global_efficiency,mean_cc
0.111549099131729,3.85152779647328,6,10,0.242235664447249,0.024094763763629,0.306667453403939,0.256415680315456
