assortavity,cpl,radius,diameter,transitivity,density,global_efficiency,mean_cc
0.149878365606261,3.66996561414533,5,12,0.24977308636165,0.0328760189209474,0.327304483328989,0.270985777746457
