assortavity,cpl,radius,diameter,transitivity,density,global_efficiency,mean_cc
-0.0255661675539337,2.46968766001024,3,6,0.231190515799704,0.0635432667690732,0.447394606588135,0.29782100851533
