assortavity,cpl,radius,diameter,transitivity,density,global_efficiency,mean_cc
0.121282919165677,2.90469678469678,4,7,0.276692413466678,0.0445828245828246,0.388552570885902,0.313774267308593
