assortavity,cpl,radius,diameter,transitivity,density,global_efficiency,mean_cc
0.0973186010124222,2.92739431573919,4,8,0.185718183058246,0.0636891967200064,0.398545526402587,0.215297153997611
