assortavity,cpl,radius,diameter,transitivity,density,global_efficiency,mean_cc
0.169616416024925,2.88380702173394,4,7,0.191326318127551,0.0634503622323064,0.401637437874602,0.20882237804678
